ascat_1,ascat_2,ascat_3,date,nic_1,nic_2,nic_3,size_1,size_2
-75.57,-57.04,1,2021147,-75.57,-57.04,1,16,7
-75.57,-57.04,1,2021148,-75.57,-57.04,1,16,7
-75.57,-57.04,1,2021149,-75.558,-57.0095,0,0,0
-75.5523,-56.9093,1,2021150,-75.5257,-56.9303,0,0,0
-75.4743,-56.9196,1,2021151,-75.4789,-56.8209,0,0,0
-75.3914,-56.7949,1,2021152,-75.4232,-56.6997,0,0,0
-75.3914,-56.7949,1,2021153,-75.3643,-56.5852,0,0,0
-75.345,-56.5325,1,2021154,-75.3081,-56.4958,0,0,0
-75.26,-56.45,1,2021155,-75.26,-56.45,1,16,7
-75.1848,-56.4804,1,2021156,-75.2167,-56.433,0,0,0
-75.0823,-56.3141,1,2021157,-75.172,-56.4179,0,0,0
-75.0502,-56.3589,1,2021158,-75.1273,-56.4049,0,0,0
-75.0502,-56.3589,1,2021159,-75.0842,-56.3944,0,0,0
-75.0214,-56.1919,1,2021160,-75.0442,-56.3866,0,0,0
-75.0214,-56.1919,1,2021161,-75.009,-56.3817,0,0,0
-75.0291,-56.3699,1,2021162,-74.98,-56.38,1,16,7
-75.0291,-56.3699,1,2021163,-74.9572,-56.4049,0,0,0
-74.9688,-56.5673,1,2021164,-74.9386,-56.4692,0,0,0
-74.9688,-56.5673,1,2021165,-74.9224,-56.5571,0,0,0
-74.9688,-56.5673,1,2021166,-74.9071,-56.6529,0,0,0
-74.9688,-56.5673,1,2021167,-74.891,-56.7408,0,0,0
-74.9688,-56.5673,1,2021168,-74.8725,-56.8051,0,0,0
-74.8979,-56.6515,1,2021169,-74.85,-56.83,1,16,7
-74.7911,-56.5931,1,2021170,-74.8203,-56.8106,0,0,0
-74.7583,-56.6331,1,2021171,-74.7831,-56.7606,0,0,0
-74.6792,-56.5063,1,2021172,-74.7411,-56.6922,0,0,0
-74.634,-56.6708,1,2021173,-74.697,-56.6178,0,0,0
-74.615,-56.5776,1,2021174,-74.6537,-56.5494,0,0,0
-74.586,-56.6077,1,2021175,-74.6138,-56.4994,0,0,0
-74.5648,-56.5671,1,2021176,-74.58,-56.48,1,16,7
-74.5358,-56.597,1,2021177,-74.551,-56.4857,0,0,0
-74.344,-56.5599,1,2021178,-74.5237,-56.5012,0,0,0
-74.173,-56.3054,1,2021179,-74.4979,-56.5244,0,0,0
-74.173,-56.3054,0,2021180,-74.4737,-56.5531,0,0,0
-74.173,-56.3054,1,2021181,-74.451,-56.5851,0,0,0
-74.225,-56.3351,0,2021182,-74.4298,-56.6181,0,0,0
-74.2882,-56.4038,1,2021183,-74.41,-56.65,1,16,7
-74.3078,-56.6138,0,2021184,-74.3922,-56.6866,0,0,0
-74.3161,-56.7847,1,2021185,-74.3763,-56.7322,0,0,0
-74.3161,-56.7847,0,2021186,-74.3617,-56.7823,0,0,0
-74.3161,-56.7847,1,2021187,-74.3475,-56.8326,0,0,0
-74.3161,-56.7847,0,2021188,-74.333,-56.8786,0,0,0
-74.3161,-56.7847,0,2021189,-74.3174,-56.9158,0,0,0
-74.3161,-56.7847,1,2021190,-74.3,-56.94,1,16,7
-74.3161,-56.7847,1,2021191,-74.2811,-56.9538,0,0,0
-74.3059,-56.803,0,2021192,-74.2613,-56.9638,0,0,0
-74.2786,-56.8504,0,2021193,-74.2404,-56.9716,0,0,0
-74.2393,-56.916,0,2021194,-74.2181,-56.9786,0,0,0
-74.193,-56.9888,0,2021195,-74.1942,-56.9864,0,0,0
-74.1447,-57.0576,0,2021196,-74.1682,-56.9963,0,0,0
-74.0994,-57.1116,1,2021197,-74.14,-57.01,1,16,7
-74.0465,-57.1576,0,2021198,-74.1023,-57.0373,0,0,0
-73.9813,-57.2052,0,2021199,-74.0524,-57.0818,0,0,0
-73.9176,-57.2478,0,2021200,-73.997,-57.1359,0,0,0
-73.8692,-57.2783,0,2021201,-73.9425,-57.1916,0,0,0
-73.85,-57.29,1,2021202,-73.8955,-57.241,0,0,0
-73.85,-57.29,1,2021203,-73.8625,-57.2764,0,0,0
-73.85,-57.29,1,2021204,-73.85,-57.29,1,16,7
-73.7756,-57.5012,1,2021205,-73.8528,-57.2883,0,0,0
-73.7756,-57.5012,0,2021206,-73.8599,-57.2841,0,0,0
-73.7756,-57.5012,1,2021207,-73.8697,-57.2782,0,0,0
-73.7756,-57.5012,1,2021208,-73.8803,-57.2718,0,0,0
-73.9,-57.26,1,2021209,-73.8901,-57.2659,0,0,0
-73.9,-57.26,1,2021210,-73.8972,-57.2617,0,0,0
-73.8984,-57.2684,0,2021211,-73.9,-57.26,1,16,7
-73.8941,-57.2912,0,2021212,-73.8982,-57.2714,0,0,0
-73.8875,-57.3251,0,2021213,-73.8929,-57.3024,0,0,0
-73.8793,-57.3666,0,2021214,-73.8846,-57.3485,0,0,0
-73.8699,-57.4124,1,2021215,-73.8738,-57.4049,0,0,0
-73.8566,-57.4946,0,2021216,-73.8608,-57.4671,0,0,0
-73.8366,-57.623,0,2021217,-73.8461,-57.5303,0,0,0
-73.8106,-57.7606,0,2021218,-73.83,-57.59,1,16,7
-73.7792,-57.8703,0,2021219,-73.8067,-57.6534,0,0,0
-73.7432,-57.9151,1,2021220,-73.7713,-57.7275,0,0,0
-73.6871,-57.9147,1,2021221,-73.726,-57.8072,0,0,0
-73.6871,-57.9147,1,2021222,-73.6731,-57.8874,0,0,0
-73.4523,-58.0789,1,2021223,-73.6147,-57.963,0,0,0
-73.4056,-58.0908,0,2021224,-73.5529,-58.0289,0,0,0
-73.3737,-58.1028,1,2021225,-73.49,-58.08,1,16,7
-73.3259,-58.2859,1,2021226,-73.4096,-58.1207,0,0,0
-73.2528,-58.3025,1,2021227,-73.3031,-58.1584,0,0,0
-73.0521,-58.1986,1,2021228,-73.1845,-58.1928,0,0,0
-72.9671,-58.2155,0,2021229,-73.0679,-58.2235,0,0,0
-72.8978,-58.2557,0,2021230,-72.9673,-58.2502,0,0,0
-72.8461,-58.3037,0,2021231,-72.8967,-58.2725,0,0,0
-72.8138,-58.3439,0,2021232,-72.87,-58.29,1,16,7
-72.8026,-58.3608,1,2021233,-72.87,-58.3042,0,0,0
-72.8046,-58.3604,0,2021234,-72.87,-58.3167,0,0,0
-72.8101,-58.3595,0,2021235,-72.87,-58.3278,0,0,0
-72.8187,-58.3585,0,2021236,-72.87,-58.3376,0,0,0
-72.8297,-58.3576,0,2021237,-72.87,-58.3461,0,0,0
-72.8426,-58.3572,1,2021238,-72.87,-58.3536,0,0,0
-72.8677,-58.5046,1,2021239,-72.87,-58.36,1,16,7
-72.8677,-58.5046,1,2021240,-72.8549,-58.3652,0,0,0
-72.8677,-58.5046,1,2021241,-72.8155,-58.3691,0,0,0
-72.8197,-58.4971,0,2021242,-72.7609,-58.3724,0,0,0
-72.7278,-58.4765,1,2021243,-72.7001,-58.3755,0,0,0
-72.6172,-58.3879,1,2021244,-72.642,-58.3791,0,0,0
-72.5576,-58.4705,1,2021245,-72.5956,-58.3838,0,0,0
-72.5576,-58.4705,1,2021246,-72.57,-58.39,1,16,7
-72.5569,-58.486,0,2021247,-72.5598,-58.3996,0,0,0
-72.5554,-58.5231,0,2021248,-72.5529,-58.4137,0,0,0
-72.5535,-58.5674,0,2021249,-72.5478,-58.4324,0,0,0
-72.552,-58.6045,0,2021250,-72.5434,-58.4554,0,0,0
-72.5513,-58.62,1,2021251,-72.5381,-58.4828,0,0,0
-72.5608,-58.6171,0,2021252,-72.5308,-58.5143,0,0,0
-72.5834,-58.61,0,2021253,-72.52,-58.55,1,16,7
-72.6103,-58.6017,0,2021254,-72.4857,-58.6192,0,0,0
-72.6329,-58.5946,0,2021255,-72.4176,-58.7371,0,0,0
-72.6424,-58.5917,1,2021256,-72.3289,-58.8821,0,0,0
-72.5323,-58.7572,1,2021257,-72.2326,-59.0325,0,0,0
-72.3322,-58.9635,1,2021258,-72.1419,-59.1667,0,0,0
-72.165,-59.3288,1,2021259,-72.07,-59.2631,0,0,0
-72.1038,-59.3435,0,2021260,-72.03,-59.3,1,16,7
-72.0525,-59.3564,1,2021261,-72.0132,-59.2922,0,0,0
-71.9673,-59.444,1,2021262,-72.001,-59.2722,0,0,0
-71.9318,-59.2865,1,2021263,-71.9917,-59.2449,0,0,0
-71.8654,-59.1883,1,2021264,-71.9837,-59.2151,0,0,0
-71.8692,-59.2016,0,2021265,-71.9751,-59.1878,0,0,0
-71.8783,-59.2343,0,2021266,-71.9645,-59.1678,0,0,0
-71.8892,-59.2758,0,2021267,-71.95,-59.16,1,16,7
-71.8983,-59.3155,0,2021268,-71.9272,-59.1672,0,0,0
-71.9021,-59.3429,1,2021269,-71.8952,-59.1858,0,0,0
-71.8981,-59.3574,0,2021270,-71.8575,-59.2112,0,0,0
-71.8864,-59.3676,0,2021271,-71.8176,-59.2388,0,0,0
-71.8675,-59.3768,0,2021272,-71.779,-59.2642,0,0,0
-71.8421,-59.388,0,2021273,-71.7453,-59.2828,0,0,0
-71.8107,-59.4046,1,2021274,-71.72,-59.29,1,16,7
-71.7335,-59.4388,1,2021275,-71.7027,-59.2861,0,0,0
-71.7335,-59.4388,1,2021276,-71.6895,-59.2761,0,0,0
-71.5605,-59.5777,1,2021277,-71.6785,-59.2624,0,0,0
-71.5156,-59.5381,0,2021278,-71.6679,-59.2476,0,0,0
-71.499,-59.472,1,2021279,-71.6558,-59.2339,0,0,0
-71.606,-59.4189,1,2021280,-71.6405,-59.2239,0,0,0
-71.606,-59.4189,1,2021281,-71.62,-59.22,1,16,7
-71.5639,-59.4243,1,2021282,-71.5822,-59.2373,0,0,0
-71.4995,-59.4525,0,2021283,-71.5213,-59.283,0,0,0
-71.416,-59.511,0,2021284,-71.445,-59.3476,0,0,0
-71.3221,-59.5851,0,2021285,-71.361,-59.422,0,0,0
-71.2268,-59.6602,0,2021286,-71.2771,-59.4968,0,0,0
-71.1389,-59.7214,0,2021287,-71.2008,-59.5625,0,0,0
-71.0673,-59.7543,1,2021288,-71.14,-59.61,1,16,7
-71.0035,-59.7673,0,2021289,-71.0891,-59.6458,0,0,0
-70.9388,-59.7784,0,2021290,-71.0387,-59.6816,0,0,0
-70.8819,-59.7871,0,2021291,-70.9907,-59.7153,0,0,0
-70.8414,-59.7927,0,2021292,-70.9469,-59.745,0,0,0
-70.826,-59.7947,1,2021293,-70.9093,-59.7687,0,0,0
-70.826,-59.7947,1,2021294,-70.8797,-59.7843,0,0,0
-70.826,-59.7947,1,2021295,-70.86,-59.79,1,16,7
-70.8738,-59.6235,1,2021296,-70.8463,-59.79,0,0,0
-70.891,-59.8362,1,2021297,-70.8337,-59.79,0,0,0
-70.891,-59.8362,0,2021298,-70.8226,-59.79,0,0,0
-70.891,-59.8362,1,2021299,-70.8132,-59.79,0,0,0
-70.7926,-59.6649,1,2021300,-70.8061,-59.79,0,0,0
-70.7926,-59.6649,1,2021301,-70.8016,-59.79,0,0,0
-70.7926,-59.6649,1,2021302,-70.8,-59.79,1,16,7
-70.7908,-59.6647,0,2021303,-70.8033,-59.7872,0,0,0
-70.7861,-59.6642,0,2021304,-70.8119,-59.7801,0,0,0
-70.7792,-59.6635,0,2021305,-70.8236,-59.7703,0,0,0
-70.7708,-59.6629,0,2021306,-70.8364,-59.7597,0,0,0
-70.762,-59.6624,0,2021307,-70.8481,-59.7499,0,0,0
-70.7533,-59.6622,1,2021308,-70.8567,-59.7428,0,0,0
-70.743,-59.6716,0,2021309,-70.86,-59.74,1,16,7
-70.7294,-59.6962,0,2021310,-70.8514,-59.7458,0,0,0
-70.7141,-59.7311,0,2021311,-70.8286,-59.7614,0,0,0
-70.6984,-59.7711,0,2021312,-70.7962,-59.7836,0,0,0
-70.6837,-59.8111,0,2021313,-70.7586,-59.8096,0,0,0
-70.6715,-59.846,0,2021314,-70.7203,-59.8363,0,0,0
-70.6631,-59.8706,0,2021315,-70.686,-59.8607,0,0,0
-70.66,-59.88,1,2021316,-70.66,-59.88,1,16,7
-70.66,-59.88,1,2021317,-70.6413,-59.8945,0,0,0
-70.66,-59.88,1,2021318,-70.6253,-59.9073,0,0,0
-70.66,-59.88,1,2021319,-70.6109,-59.9189,0,0,0
-70.66,-59.88,1,2021320,-70.5971,-59.9303,0,0,0
-70.641,-59.929,0,2021321,-70.583,-59.9421,0,0,0
-70.622,-59.978,1,2021322,-70.5676,-59.9551,0,0,0
-70.622,-59.978,1,2021323,-70.55,-59.97,1,16,7
-70.622,-59.978,1,2021324,-70.5272,-59.9886,0,0,0
-70.5196,-59.9828,1,2021325,-70.4989,-60.0111,0,0,0
-70.4569,-59.9876,1,2021326,-70.4682,-60.0358,0,0,0
-70.4569,-59.9876,1,2021327,-70.4379,-60.0608,0,0,0
-70.437,-60.0144,0,2021328,-70.4111,-60.0843,0,0,0
-70.3999,-60.0707,0,2021329,-70.3908,-60.1047,0,0,0
-70.38,-60.12,1,2021330,-70.38,-60.12,1,16,7
-70.3806,-60.1529,0,2021331,-70.3758,-60.1323,0,0,0
-70.3822,-60.1837,0,2021332,-70.3729,-60.1444,0,0,0
-70.3843,-60.212,0,2021333,-70.3709,-60.1556,0,0,0
-70.3863,-60.2372,0,2021334,-70.3691,-60.1654,0,0,0
-70.3879,-60.2588,0,2021335,-70.3671,-60.1731,0,0,0
-70.3885,-60.2764,1,2021336,-70.3642,-60.1782,0,0,0
-70.3875,-60.2919,0,2021337,-70.36,-60.18,1,16,7
-70.3844,-60.307,0,2021338,-70.3474,-60.1795,0,0,0
-70.3787,-60.3211,0,2021339,-70.3231,-60.1781,0,0,0
-70.3701,-60.3333,0,2021340,-70.2921,-60.1758,0,0,0
-70.3583,-60.343,0,2021341,-70.2592,-60.1728,0,0,0
-70.343,-60.3493,0,2021342,-70.2296,-60.1691,0,0,0
-70.3238,-60.3516,1,2021343,-70.2082,-60.1648,0,0,0
-70.2271,-60.2771,1,2021344,-70.2,-60.16,1,16,7
-70.194,-60.2373,0,2021345,-70.2011,-60.1486,0,0,0
-70.1809,-60.2193,1,2021346,-70.204,-60.1271,0,0,0
-70.1809,-60.2193,0,2021347,-70.2079,-60.1,0,0,0
-70.1809,-60.2193,1,2021348,-70.2121,-60.0714,0,0,0
-70.1809,-60.2193,1,2021349,-70.216,-60.0457,0,0,0
-70.1809,-60.2193,1,2021350,-70.2189,-60.0271,0,0,0
-70.2129,-60.1312,1,2021351,-70.22,-60.02,1,16,7
-70.2129,-60.1312,0,2021352,-70.216,-60.0278,0,0,0
-70.2129,-60.1312,1,2021353,-70.2054,-60.0478,0,0,0
-70.2129,-60.1312,1,2021354,-70.19,-60.0751,0,0,0
-70.1913,-60.1339,1,2021355,-70.1718,-60.1049,0,0,0
-70.1913,-60.1339,1,2021356,-70.1528,-60.1322,0,0,0
-70.1203,-60.1522,1,2021357,-70.1349,-60.1522,0,0,0
-70.1203,-60.1522,1,2021358,-70.12,-60.16,1,16,7
-70.1123,-60.078,0,2021359,-70.1062,-60.1594,0,0,0
-70.0973,-59.9402,0,2021360,-70.0912,-60.158,0,0,0
-70.0893,-59.866,1,2021361,-70.0761,-60.1561,0,0,0
-70.0918,-59.957,0,2021362,-70.0622,-60.1539,0,0,0
-70.0944,-60.0605,1,2021363,-70.0507,-60.152,0,0,0
-70.0918,-60.0824,0,2021364,-70.0429,-60.1506,0,0,0
-70.0849,-60.099,0,2021365,-70.04,-60.15,1,16,7
-70.0699,-60.1165,0,2022001,-70.0452,-60.1573,0,0,0
-70.0591,-60.1251,0,2022002,-70.053,-60.1681,0,0,0
-70.0495,-60.1327,0,2022003,-70.0625,-60.1815,0,0,0
-70.0426,-60.1406,0,2022004,-70.0724,-60.1954,0,0,0
-70.04,-60.15,1,2022005,-70.0812,-60.2077,0,0,0
-70.0412,-60.1614,0,2022006,-70.0876,-60.2166,0,0,0
-70.0442,-60.1739,0,2022007,-70.09,-60.22,1,16,7
-70.0484,-60.1864,0,2022008,-70.085,-60.2128,0,0,0
-70.053,-60.198,0,2022009,-70.0722,-60.1935,0,0,0
-70.0572,-60.2075,0,2022010,-70.0546,-60.1657,0,0,0
-70.0602,-60.2139,0,2022011,-70.0354,-60.1329,0,0,0
-70.0614,-60.2163,1,2022012,-70.0178,-60.0986,0,0,0
-70.0226,-60.1165,1,2022013,-70.005,-60.0665,0,0,0
-70.0042,-59.9426,0,2022014,-70,-60.04,1,16,7
-69.9962,-59.8267,1,2022015,-70.003,-60.0173,0,0,0
-70.0003,-59.883,0,2022016,-70.0109,-59.9947,0,0,0
-70.0118,-59.9639,1,2022017,-70.0222,-59.9727,0,0,0
-70.0678,-60.004,1,2022018,-70.0353,-59.9516,0,0,0
-70.0678,-60.004,1,2022019,-70.0487,-59.9322,0,0,0
-70.0678,-60.004,1,2022020,-70.0608,-59.9148,0,0,0
-70.0678,-60.004,1,2022021,-70.07,-59.9,1,16,7
-70.0678,-60.004,1,2022022,-70.0776,-59.8863,0,0,0
-70.0678,-60.004,0,2022023,-70.0854,-59.8725,0,0,0
-70.0678,-60.004,1,2022024,-70.0929,-59.8594,0,0,0
-70.0678,-60.004,1,2022025,-70.0996,-59.8478,0,0,0
-70.0678,-60.004,1,2022026,-70.105,-59.8384,0,0,0
-70.076,-59.9582,1,2022027,-70.1087,-59.8322,0,0,0
-70.076,-59.9582,1,2022028,-70.11,-59.83,1,16,7
-70.076,-59.9582,1,2022029,-70.1012,-59.8427,0,0,0
-70.076,-59.9582,0,2022030,-70.0781,-59.8756,0,0,0
-70.076,-59.9582,0,2022031,-70.046,-59.9205,0,0,0
-70.076,-59.9582,1,2022032,-70.01,-59.9695,0,0,0
-70.0519,-60.0256,0,2022033,-69.9752,-60.0144,0,0,0
-70.0159,-60.0929,1,2022034,-69.9468,-60.0473,0,0,0
-69.9942,-60.0808,0,2022035,-69.93,-60.06,1,16,7
-69.9755,-60.0477,0,2022036,-69.922,-60.0494,0,0,0
-69.9588,-59.9986,0,2022037,-69.9162,-60.0203,0,0,0
-69.9429,-59.9383,0,2022038,-69.9117,-59.9768,0,0,0
-69.9269,-59.8719,0,2022039,-69.9077,-59.9229,0,0,0
-69.9096,-59.8041,0,2022040,-69.9033,-59.8628,0,0,0
-69.89,-59.74,1,2022041,-69.8977,-59.8005,0,0,0
-69.8645,-59.6659,0,2022042,-69.89,-59.74,1,16,7
-69.8328,-59.5723,0,2022043,-69.8751,-59.6662,0,0,0
-69.7985,-59.4706,0,2022044,-69.8511,-59.5696,0,0,0
-69.7654,-59.372,0,2022045,-69.8221,-59.4626,0,0,0
-69.7372,-59.2876,0,2022046,-69.7924,-59.3577,0,0,0
-69.7176,-59.2287,0,2022047,-69.7661,-59.2673,0,0,0
-69.7102,-59.2066,1,2022048,-69.7472,-59.2039,0,0,0
-69.7102,-59.2066,1,2022049,-69.74,-59.18,1,16,7
-69.714,-59.1443,0,2022050,-69.7417,-59.1813,0,0,0
-69.7232,-59.0821,1,2022051,-69.7459,-59.1851,0,0,0
-69.7592,-59.1074,0,2022052,-69.7518,-59.1909,0,0,0
-69.7898,-59.1327,1,2022053,-69.7582,-59.1987,0,0,0
-69.7898,-59.1327,1,2022054,-69.7641,-59.2079,0,0,0
-69.7898,-59.1327,1,2022055,-69.7683,-59.2185,0,0,0
-69.7898,-59.1327,1,2022056,-69.77,-59.23,1,16,7
-69.7772,-59.2224,1,2022057,-69.7611,-59.2526,0,0,0
-69.7772,-59.2224,1,2022058,-69.7383,-59.2917,0,0,0
-69.7472,-59.2479,0,2022059,-69.707,-59.3401,0,0,0
-69.6899,-59.3059,1,2022060,-69.673,-59.3903,0,0,0
-69.6214,-59.4226,1,2022061,-69.6417,-59.4353,0,0,0
-69.5814,-59.4902,1,2022062,-69.6189,-59.4676,0,0,0
-69.5814,-59.4902,1,2022063,-69.61,-59.48,1,16,7
-69.6144,-59.5,1,2022064,-69.615,-59.4673,0,0,0
-69.6109,-59.342,1,2022065,-69.6278,-59.4344,0,0,0
-69.6181,-59.2847,0,2022066,-69.6454,-59.3895,0,0,0
-69.635,-59.2472,0,2022067,-69.6646,-59.3405,0,0,0
-69.6542,-59.2337,1,2022068,-69.6822,-59.2956,0,0,0
-69.6816,-59.2386,0,2022069,-69.695,-59.2627,0,0,0
-69.7,-59.25,1,2022070,-69.7,-59.25,1,16,7
-69.6896,-59.2942,0,2022071,-69.6909,-59.2837,0,0,0
-69.6623,-59.3877,0,2022072,-69.667,-59.3707,0,0,0
-69.6237,-59.5108,0,2022073,-69.6333,-59.49,0,0,0
-69.5797,-59.6437,0,2022074,-69.5947,-59.6206,0,0,0
-69.5359,-59.7667,0,2022075,-69.5563,-59.7414,0,0,0
-69.4981,-59.8601,0,2022076,-69.5231,-59.8316,0,0,0
-69.4719,-59.9041,1,2022077,-69.5,-59.87,1,16,7
-69.4559,-59.9147,0,2022078,-69.4858,-59.8746,0,0,0
-69.4437,-59.9217,0,2022079,-69.4749,-59.8776,0,0,0
-69.4336,-59.9267,0,2022080,-69.4659,-59.8797,0,0,0
-69.424,-59.9308,0,2022081,-69.4573,-59.8815,0,0,0
-69.4133,-59.9355,0,2022082,-69.4477,-59.8834,0,0,0
-69.3999,-59.9421,0,2022083,-69.4358,-59.886,0,0,0
-69.3821,-59.952,1,2022084,-69.42,-59.89,1,16,7
-69.3501,-59.9736,1,2022085,-69.3923,-59.8976,0,0,0
-69.2992,-59.9636,0,2022086,-69.3495,-59.9098,0,0,0
-69.2444,-59.9536,1,2022087,-69.2972,-59.9255,0,0,0
-69.2038,-60.0202,0,2022088,-69.2414,-59.9436,0,0,0
-69.1607,-60.0867,1,2022089,-69.1877,-59.9628,0,0,0
-69.0967,-59.999,1,2022090,-69.142,-59.982,0,0,0
-69.0967,-59.999,1,2022091,-69.11,-60,1,16,7
-69.0424,-59.9583,1,2022092,-69.0872,-60.0189,0,0,0
-69.0424,-59.9583,1,2022093,-69.0656,-60.0403,0,0,0
-69.0153,-60.0957,1,2022094,-69.0459,-60.0627,0,0,0
-68.9926,-60.1357,0,2022095,-69.0288,-60.0845,0,0,0
-68.9808,-60.1509,1,2022096,-69.015,-60.1041,0,0,0
-68.9808,-60.1509,1,2022097,-69.0052,-60.1198,0,0,0
-69,-60.13,1,2022098,-69,-60.13,1,16,7
-69,-60.13,1,2022099,-68.9975,-60.1368,0,0,0
-69,-60.13,1,2022100,-68.9953,-60.1431,0,0,0
-69,-60.13,1,2022101,-68.9935,-60.1486,0,0,0
-69,-60.13,0,2022102,-68.992,-60.1533,0,0,0
-69,-60.13,0,2022103,-68.9909,-60.1569,0,0,0
-69,-60.13,1,2022104,-68.9902,-60.1592,0,0,0
-68.9962,-60.145,0,2022105,-68.99,-60.16,1,16,7
-68.99,-60.16,1,2022106,-68.99,-60.155,0,0,0
-68.9849,-60.1563,0,2022107,-68.99,-60.1422,0,0,0
-68.9792,-60.1467,0,2022108,-68.99,-60.1246,0,0,0
-68.9735,-60.1333,0,2022109,-68.99,-60.1054,0,0,0
-68.9682,-60.1184,0,2022110,-68.99,-60.0878,0,0,0
-68.9639,-60.1041,0,2022111,-68.99,-60.075,0,0,0
-68.9609,-60.0925,0,2022112,-68.99,-60.07,1,16,7
-68.9598,-60.0859,1,2022113,-68.9894,-60.07,0,0,0
-68.9607,-60.0826,0,2022114,-68.988,-60.07,0,0,0
-68.963,-60.0796,0,2022115,-68.9861,-60.07,0,0,0
-68.9662,-60.0769,0,2022116,-68.9839,-60.07,0,0,0
-68.9699,-60.0746,0,2022117,-68.982,-60.07,0,0,0
-68.9736,-60.0726,0,2022118,-68.9806,-60.07,0,0,0
-68.9768,-60.0712,0,2022119,-68.98,-60.07,1,16,7
-68.9791,-60.0703,0,2022120,-68.98,-60.07,0,0,0
-68.98,-60.07,1,2022121,-68.98,-60.07,0,0,0
-68.98,-60.07,1,2022122,-68.98,-60.07,0,0,0
-68.98,-60.07,0,2022123,-68.98,-60.07,0,0,0
-68.98,-60.07,1,2022124,-68.98,-60.07,0,0,0
-68.98,-60.07,0,2022125,-68.98,-60.07,0,0,0
-68.98,-60.07,1,2022126,-68.98,-60.07,1,16,7
-68.98,-60.07,1,2022127,-68.9797,-60.0688,0,0,0
-68.98,-60.07,1,2022128,-68.979,-60.0655,0,0,0
-68.98,-60.07,1,2022129,-68.9779,-60.0604,0,0,0
-68.98,-60.07,1,2022130,-68.9764,-60.0539,0,0,0
-68.98,-60.07,1,2022131,-68.9745,-60.0465,0,0,0
-68.98,-60.07,0,2022132,-68.9724,-60.0384,0,0,0
-68.98,-60.07,1,2022133,-68.97,-60.03,1,16,7
-68.98,-60.07,1,2022134,0,0,0,0,0
-68.98,-60.07,1,2022135,0,0,0,0,0
-68.98,-60.07,1,2022136,0,0,0,0,0
-68.9762,-60.0259,1,2022137,0,0,0,0,0
-68.9604,-59.8577,1,2022138,0,0,0,0,0
-68.9676,-59.718,1,2022139,0,0,0,0,0
-68.9554,-59.7204,0,2022140,0,0,0,0,0
-68.9219,-59.7267,0,2022141,0,0,0,0,0
-68.8721,-59.7358,0,2022142,0,0,0,0,0
-68.8108,-59.7466,0,2022143,0,0,0,0,0
-68.7428,-59.758,0,2022144,0,0,0,0,0
-68.6731,-59.7688,0,2022145,0,0,0,0,0
-68.6064,-59.7779,0,2022146,0,0,0,0,0
-68.5477,-59.7842,0,2022147,-68.58,-59.75,1,16,7
-68.5018,-59.7866,1,2022148,0,0,0,0,0
-68.469,-59.7624,1,2022149,0,0,0,0,0
-68.4193,-59.745,1,2022150,0,0,0,0,0
-68.3927,-59.7904,1,2022151,0,0,0,0,0
-68.4597,-59.7804,1,2022152,0,0,0,0,0
-68.4233,-59.6745,1,2022153,0,0,0,0,0
-68.4233,-59.6745,1,2022154,0,0,0,0,0
-68.3589,-59.6873,1,2022155,0,0,0,0,0
-68.2995,-59.7492,1,2022156,0,0,0,0,0
-68.2606,-59.7819,1,2022157,0,0,0,0,0
-68.2161,-59.7882,1,2022158,0,0,0,0,0
-68.2451,-59.6472,1,2022159,0,0,0,0,0
-68.2807,-59.4668,1,2022160,0,0,0,0,0
-68.2804,-59.4712,0,2022161,-68.28,-59.42,1,16,7
-68.2794,-59.4824,0,2022162,-68.2872,-59.3919,0,0,0
-68.2773,-59.4977,0,2022163,-68.3058,-59.3591,0,0,0
-68.2738,-59.5145,0,2022164,-68.3312,-59.3249,0,0,0
-68.2685,-59.5298,0,2022165,-68.3588,-59.2927,0,0,0
-68.2611,-59.541,0,2022166,-68.3842,-59.2656,0,0,0
-68.2512,-59.5454,1,2022167,-68.4028,-59.2469,0,0,0
0,0,1,2022168,-68.41,-59.24,1,16,7
0,0,1,2022169,-68.3856,-59.2594,0,0,0
0,0,1,2022170,-68.3228,-59.3094,0,0,0
0,0,1,2022171,-68.2368,-59.3778,0,0,0
0,0,1,2022172,-68.1432,-59.4522,0,0,0
0,0,1,2022173,-68.0572,-59.5206,0,0,0
0,0,1,2022174,-67.9944,-59.5706,0,0,0
0,0,0,2022175,-67.97,-59.59,1,16,7
0,0,0,2022176,-67.97,-59.59,0,0,0
0,0,0,2022177,-67.97,-59.59,0,0,0
0,0,0,2022178,-67.97,-59.59,0,0,0
0,0,0,2022179,-67.97,-59.59,0,0,0
0,0,0,2022180,-67.97,-59.59,0,0,0
-67.8836,-59.6932,1,2022181,-67.97,-59.59,0,0,0
-67.8075,-59.6863,1,2022182,-67.97,-59.59,1,16,7
-67.7477,-59.6576,1,2022183,-67.9607,-59.5893,0,0,0
-67.7477,-59.6576,1,2022184,-67.9363,-59.5872,0,0,0
-67.8191,-59.5813,1,2022185,-67.9016,-59.5838,0,0,0
-67.7844,-59.5729,1,2022186,-67.8616,-59.5793,0,0,0
-67.7741,-59.6011,0,2022187,-67.8214,-59.5737,0,0,0
-67.7702,-59.6293,1,2022188,-67.7859,-59.5673,0,0,0
-67.7702,-59.6293,1,2022189,-67.76,-59.56,1,16,7
-67.7236,-59.6358,1,2022190,-67.7428,-59.5453,0,0,0
-67.7236,-59.6358,1,2022191,-67.7289,-59.5186,0,0,0
-67.6695,-59.5985,1,2022192,-67.717,-59.4833,0,0,0
-67.6695,-59.5985,1,2022193,-67.7056,-59.4424,0,0,0
-67.702,-59.5204,1,2022194,-67.6932,-59.3995,0,0,0
-67.6203,-59.337,1,2022195,-67.6785,-59.3576,0,0,0
-67.6098,-59.2391,1,2022196,-67.66,-59.32,1,16,7
-67.6098,-59.2391,1,2022197,-67.6339,-59.2836,0,0,0
-67.5653,-59.0018,1,2022198,-67.599,-59.2444,0,0,0
-67.5861,-58.8823,1,2022199,-67.5581,-59.2045,0,0,0
-67.5861,-58.8823,1,2022200,-67.514,-59.1661,0,0,0
-67.516,-59.0141,0,2022201,-67.4695,-59.1311,0,0,0
-67.3981,-59.1459,1,2022202,-67.4272,-59.1017,0,0,0
-67.301,-59.1156,1,2022203,-67.39,-59.08,1,16,7
-67.2328,-59.1358,1,2022204,-67.357,-59.063,0,0,0
-67.2022,-59.1524,1,2022205,-67.3252,-59.0466,0,0,0
-67.2155,-59.0436,1,2022206,-67.2946,-59.0317,0,0,0
-67.2143,-58.9232,1,2022207,-67.265,-59.0189,0,0,0
0,0,0,2022208,-67.2361,-59.0089,0,0,0
0,0,0,2022209,-67.2078,-59.0023,0,0,0
0,0,0,2022210,-67.18,-59,1,16,7
0,0,0,2022211,-67.1514,-59.0172,0,0,0
0,0,0,2022212,-67.1219,-59.0615,0,0,0
0,0,0,2022213,-67.0926,-59.122,0,0,0
0,0,1,2022214,-67.0646,-59.188,0,0,0
0,0,0,2022215,-67.0391,-59.2485,0,0,0
0,0,0,2022216,-67.0172,-59.2928,0,0,0
0,0,0,2022217,-67,-59.31,1,16,7
0,0,0,2022218,-66.9867,-59.3017,0,0,0
0,0,0,2022219,-66.9752,-59.2803,0,0,0
0,0,0,2022220,-66.9651,-59.251,0,0,0
-66.9293,-59.2159,1,2022221,-66.956,-59.219,0,0,0
-66.9293,-59.2159,1,2022222,-66.9474,-59.1897,0,0,0
-66.9293,-59.2159,1,2022223,-66.9389,-59.1683,0,0,0
-66.9853,-59.2242,1,2022224,-66.93,-59.16,1,16,7
-66.9595,-59.1397,1,2022225,-66.9214,-59.1628,0,0,0
-66.9209,-59.1715,1,2022226,-66.9137,-59.1699,0,0,0
-66.884,-59.2398,0,2022227,-66.9063,-59.1797,0,0,0
-66.8638,-59.2881,1,2022228,-66.8988,-59.1903,0,0,0
-66.8638,-59.2881,1,2022229,-66.8906,-59.2001,0,0,0
-66.8638,-59.2881,1,2022230,-66.8812,-59.2072,0,0,0
-66.8638,-59.2881,1,2022231,-66.87,-59.21,1,16,7
-66.8304,-59.2187,1,2022232,-66.8533,-59.2067,0,0,0
-66.8304,-59.2187,0,2022233,-66.8298,-59.1981,0,0,0
-66.8304,-59.2187,1,2022234,-66.8027,-59.1864,0,0,0
-66.8304,-59.2187,1,2022235,-66.775,-59.1736,0,0,0
-66.8304,-59.2187,1,2022236,-66.7499,-59.1619,0,0,0
-66.8098,-59.1632,1,2022237,-66.7305,-59.1533,0,0,0
-66.72,-59.15,1,2022238,-66.72,-59.15,1,16,7
-66.6141,-59.374,1,2022239,-66.7158,-59.1522,0,0,0
-66.6141,-59.374,1,2022240,-66.713,-59.1584,0,0,0
-66.6141,-59.374,1,2022241,-66.711,-59.1678,0,0,0
-66.6141,-59.374,0,2022242,-66.7092,-59.1794,0,0,0
-66.6141,-59.374,1,2022243,-66.7072,-59.1925,0,0,0
-66.6322,-59.2934,0,2022244,-66.7043,-59.2063,0,0,0
-66.6503,-59.2127,1,2022245,-66.7,-59.22,1,16,7
-66.627,-59.2608,1,2022246,-66.6863,-59.2376,0,0,0
-66.567,-59.299,1,2022247,-66.6591,-59.2614,0,0,0
-66.567,-59.299,1,2022248,-66.6241,-59.2882,0,0,0
-66.5355,-59.3591,1,2022249,-66.5871,-59.3147,0,0,0
-66.5334,-59.381,0,2022250,-66.5536,-59.3377,0,0,0
-66.5318,-59.3991,0,2022251,-66.5293,-59.3539,0,0,0
-66.5308,-59.4132,0,2022252,-66.52,-59.36,1,16,7
-66.5301,-59.4233,0,2022253,-66.5215,-59.36,0,0,0
-66.5298,-59.4295,0,2022254,-66.5256,-59.36,0,0,0
-66.5297,-59.4315,1,2022255,-66.5315,-59.36,0,0,0
-66.531,-59.4313,0,2022256,-66.5387,-59.36,0,0,0
-66.5338,-59.4309,1,2022257,-66.5462,-59.36,0,0,0
-66.5379,-59.43,0,2022258,-66.5536,-59.36,0,0,0
-66.5441,-59.4284,0,2022259,-66.56,-59.36,1,16,7
-66.5516,-59.4261,0,2022260,-66.566,-59.3489,0,0,0
-66.56,-59.4233,0,2022261,-66.5724,-59.3203,0,0,0
-66.5685,-59.42,0,2022262,-66.5789,-59.2813,0,0,0
-66.5767,-59.4165,1,2022263,-66.5852,-59.2387,0,0,0
-66.5848,-59.4128,0,2022264,-66.5911,-59.1997,0,0,0
-66.5933,-59.405,1,2022265,-66.5961,-59.1711,0,0,0
-66.6022,-59.3294,1,2022266,-66.6,-59.16,1,16,7
-66.6159,-59.1934,1,2022267,0,0,0,0,0
-66.5975,-59.1648,1,2022268,0,0,0,0,0
-66.624,-59.0655,1,2022269,0,0,0,0,0
-66.6498,-59.0297,1,2022270,0,0,0,0,0
-66.5988,-59.0174,1,2022271,0,0,0,0,0
-66.599,-59.05,1,2022272,0,0,0,0,0
-66.6401,-59.2228,1,2022273,0,0,0,0,0
-66.6621,-59.1537,1,2022274,0,0,0,0,0
-66.6191,-59.1026,1,2022275,0,0,0,0,0
-66.5985,-59.0477,1,2022276,0,0,0,0,0
-66.6126,-59.0264,1,2022277,0,0,0,0,0
-66.6074,-59.0937,1,2022278,0,0,0,0,0
-66.6033,-59.1889,1,2022279,0,0,0,0,0
-66.6075,-59.2388,1,2022280,-66.63,-59.18,1,16,7
-66.6217,-59.2176,1,2022281,-66.6234,-59.1865,0,0,0
-66.548,-59.239,1,2022282,-66.6062,-59.1987,0,0,0
-66.5401,-59.3099,1,2022283,-66.5828,-59.2142,0,0,0
-66.501,-59.3385,1,2022284,-66.5572,-59.2306,0,0,0
-66.4903,-59.325,1,2022285,-66.5338,-59.2453,0,0,0
-66.4845,-59.4219,1,2022286,-66.5166,-59.2559,0,0,0
-66.46,-59.3993,1,2022287,-66.51,-59.26,1,16,7
0,0,1,2022288,-66.5111,-59.2581,0,0,0
0,0,1,2022289,-66.514,-59.253,0,0,0
0,0,1,2022290,-66.5179,-59.2459,0,0,0
0,0,1,2022291,-66.5221,-59.238,0,0,0
0,0,0,2022292,-66.526,-59.2303,0,0,0
0,0,1,2022293,-66.5289,-59.2239,0,0,0
0,0,0,2022294,-66.53,-59.22,1,16,7
0,0,1,2022295,-66.5275,-59.2178,0,0,0
0,0,0,2022296,-66.5206,-59.2157,0,0,0
0,0,0,2022297,-66.5101,-59.2138,0,0,0
0,0,0,2022298,-66.497,-59.2123,0,0,0
0,0,0,2022299,-66.482,-59.211,0,0,0
0,0,0,2022300,-66.4661,-59.2103,0,0,0
0,0,0,2022301,-66.45,-59.21,1,16,7
0,0,0,2022302,-66.4293,-59.2443,0,0,0
0,0,0,2022303,-66.4012,-59.3329,0,0,0
0,0,0,2022304,-66.3691,-59.454,0,0,0
0,0,0,2022305,-66.3364,-59.586,0,0,0
0,0,0,2022306,-66.3067,-59.7071,0,0,0
0,0,0,2022307,-66.2834,-59.7957,0,0,0
0,0,0,2022308,-66.27,-59.83,1,16,7
0,0,0,2022309,-66.2629,-59.8279,0,0,0
0,0,0,2022310,-66.2566,-59.8221,0,0,0
0,0,0,2022311,-66.251,-59.8132,0,0,0
-66.27,-59.83,1,2022312,-66.2464,-59.8019,0,0,0
-66.2286,-59.7346,1,2022313,-66.2429,-59.7888,0,0,0
-66.2084,-59.8828,1,2022314,-66.2408,-59.7746,0,0,0
-66.2084,-59.8828,1,2022315,-66.24,-59.76,1,16,7
-66.2084,-59.8828,1,2022316,-66.2423,-59.7405,0,0,0
-66.2174,-59.7508,1,2022317,-66.2484,-59.7134,0,0,0
-66.2174,-59.7508,1,2022318,-66.2573,-59.6816,0,0,0
-66.2682,-59.6512,1,2022319,-66.268,-59.6484,0,0,0
-66.2905,-59.5955,0,2022320,-66.2794,-59.6166,0,0,0
-66.3,-59.57,1,2022321,-66.2904,-59.5895,0,0,0
-66.3,-59.57,1,2022322,-66.3,-59.57,1,16,7
-66.3377,-59.5871,1,2022323,-66.3096,-59.5554,0,0,0
-66.345,-59.5354,0,2022324,-66.3206,-59.5412,0,0,0
-66.3475,-59.4837,1,2022325,-66.332,-59.5281,0,0,0
-66.3475,-59.4837,1,2022326,-66.3427,-59.5168,0,0,0
-66.3475,-59.4837,1,2022327,-66.3516,-59.5079,0,0,0
-66.3475,-59.4837,1,2022328,-66.3577,-59.5021,0,0,0
-66.3287,-59.5496,1,2022329,-66.36,-59.5,1,16,7
-66.2971,-59.6586,1,2022330,-66.3583,-59.5006,0,0,0
-66.2971,-59.6586,1,2022331,-66.3537,-59.502,0,0,0
-66.2971,-59.6586,1,2022332,-66.3468,-59.5039,0,0,0
-66.2971,-59.6586,1,2022333,-66.3383,-59.5061,0,0,0
-66.2971,-59.6586,1,2022334,-66.3289,-59.508,0,0,0
-66.3132,-59.4832,1,2022335,-66.3192,-59.5094,0,0,0
-66.3404,-59.4055,1,2022336,-66.31,-59.51,1,16,7
-66.3467,-59.3839,1,2022337,-66.3002,-59.5011,0,0,0
-66.3467,-59.3839,1,2022338,-66.2888,-59.4783,0,0,0
-66.3467,-59.3839,1,2022339,-66.2764,-59.447,0,0,0
-66.4231,-59.2708,1,2022340,-66.2636,-59.413,0,0,0
-66.23,-59.35,1,2022341,-66.2512,-59.3817,0,0,0
-66.23,-59.35,1,2022342,-66.2398,-59.3589,0,0,0
-66.23,-59.35,1,2022343,-66.23,-59.35,1,16,7
-66.23,-59.35,1,2022344,-66.2208,-59.3612,0,0,0
-66.2296,-59.3754,0,2022345,-66.2111,-59.3906,0,0,0
-66.2288,-59.418,1,2022346,-66.2017,-59.4319,0,0,0
-66.2264,-59.4576,0,2022347,-66.1932,-59.4787,0,0,0
-66.2209,-59.5033,0,2022348,-66.1863,-59.5249,0,0,0
-66.2115,-59.5493,0,2022349,-66.1817,-59.5641,0,0,0
-66.1975,-59.5895,0,2022350,-66.18,-59.59,1,16,7
-66.1783,-59.6181,0,2022351,-66.1808,-59.6057,0,0,0
-66.1532,-59.6289,1,2022352,-66.1828,-59.619,0,0,0
0,0,0,2022353,-66.1858,-59.6304,0,0,0
0,0,0,2022354,-66.1893,-59.6407,0,0,0
0,0,1,2022355,-66.1931,-59.6503,0,0,0
0,0,0,2022356,-66.1968,-59.6598,0,0,0
0,0,0,2022357,-66.2,-59.67,1,16,7
0,0,0,2022358,-66.203,-59.6817,0,0,0
0,0,1,2022359,-66.2061,-59.6948,0,0,0
0,0,0,2022360,-66.2093,-59.708,0,0,0
0,0,0,2022361,-66.2124,-59.7203,0,0,0
0,0,0,2022362,-66.2153,-59.7305,0,0,0
0,0,0,2022363,-66.2179,-59.7374,0,0,0
0,0,0,2022364,-66.22,-59.74,1,16,7
0,0,0,2022365,-66.2219,-59.7383,0,0,0
0,0,0,2023001,-66.2246,-59.73,0,0,0
0,0,0,2023002,-66.2263,-59.7208,0,0,0
-66.22,-59.74,1,2023003,-66.2278,-59.709,0,0,0
-66.22,-59.74,1,2023004,-66.229,-59.6948,0,0,0
-66.22,-59.74,1,2023005,-66.2297,-59.6784,0,0,0
-66.22,-59.74,1,2023006,-66.23,-59.66,1,16,7
-66.2986,-59.5778,1,2023007,0,0,0,0,0
-66.2835,-59.6611,1,2023008,0,0,0,0,0
-66.3078,-59.5936,1,2023009,0,0,0,0,0
-66.3078,-59.5936,1,2023010,0,0,0,0,0
-66.2452,-59.5392,1,2023011,0,0,0,0,0
-66.2426,-59.5199,1,2023012,0,0,0,0,0
-66.2942,-59.4153,1,2023013,0,0,0,0,0
-66.2751,-59.4725,1,2023014,0,0,0,0,0
-66.3287,-59.2474,1,2023015,0,0,0,0,0
-66.2735,-59.2736,1,2023016,0,0,0,0,0
-66.3212,-59.2646,1,2023017,0,0,0,0,0
-66.3249,-59.1683,1,2023018,0,0,0,0,0
-66.33,-59.17,1,2023019,0,0,0,0,0
-66.3239,-59.1728,1,2023020,0,0,1,16,7
-66.2971,-59.2125,1,2023021,0,0,0,0,0
-66.3485,-59.1069,1,2023022,0,0,0,0,0
-66.3295,-59.0764,1,2023023,-66.31,-59.42,1,16,7
-66.4356,-59.0386,1,2023024,-66.3451,-59.3438,0,0,0
-66.3724,-58.921,1,2023025,-66.3683,-59.1701,0,0,0
-66.39,-58.86,1,2023026,-66.3823,-58.9813,0,0,0
-66.39,-58.86,1,2023027,-66.39,-58.86,1,16,7
-66.39,-58.86,1,2023028,-66.3945,-58.8034,0,0,0
-66.39,-58.86,1,2023029,-66.3976,-58.7539,0,0,0
-66.3831,-58.7668,1,2023030,-66.3999,-58.7114,0,0,0
-66.3939,-58.745,0,2023031,-66.4017,-58.6759,0,0,0
-66.4047,-58.7371,1,2023032,-66.4037,-58.6472,0,0,0
-66.4047,-58.7371,1,2023033,-66.4063,-58.6252,0,0,0
-66.4297,-58.6104,1,2023034,-66.41,-58.61,1,16,7
-66.4159,-58.6018,1,2023035,-66.4168,-58.5985,0,0,0
-66.4159,-58.6018,0,2023036,-66.4274,-58.5879,0,0,0
-66.4159,-58.6018,1,2023037,-66.4401,-58.5787,0,0,0
-66.4159,-58.6018,0,2023038,-66.4533,-58.5709,0,0,0
-66.4159,-58.6018,1,2023039,-66.4654,-58.5651,0,0,0
-66.48,-58.56,1,2023040,-66.4748,-58.5613,0,0,0
-66.48,-58.56,1,2023041,-66.48,-58.56,1,16,7
-66.497,-58.6264,1,2023042,-66.4824,-58.5605,0,0,0
0,0,0,2023043,-66.4845,-58.5619,0,0,0
0,0,0,2023044,-66.4864,-58.5641,0,0,0
0,0,0,2023045,-66.4879,-58.5672,0,0,0
0,0,0,2023046,-66.489,-58.5709,0,0,0
0,0,0,2023047,-66.4898,-58.5752,0,0,0
0,0,0,2023048,-66.49,-58.58,1,16,7
0,0,0,2023049,-66.4896,-58.5898,0,0,0
0,0,0,2023050,-66.4886,-58.6076,0,0,0
0,0,0,2023051,-66.4871,-58.6312,0,0,0
0,0,0,2023052,-66.4853,-58.6584,0,0,0
0,0,0,2023053,-66.4834,-58.687,0,0,0
0,0,0,2023054,-66.4816,-58.715,0,0,0
0,0,0,2023055,-66.48,-58.74,1,16,7
0,0,0,2023056,-66.4784,-58.7657,0,0,0
0,0,0,2023057,-66.4766,-58.795,0,0,0
0,0,0,2023058,-66.4747,-58.8254,0,0,0
0,0,0,2023059,-66.4729,-58.8538,0,0,0
0,0,0,2023060,-66.4714,-58.8776,0,0,0
0,0,0,2023061,-66.4704,-58.8939,0,0,0
0,0,0,2023062,-66.47,-58.9,1,16,7
0,0,0,2023063,-66.4711,-58.8978,0,0,0
0,0,0,2023064,-66.474,-58.8919,0,0,0
0,0,0,2023065,-66.4779,-58.8832,0,0,0
0,0,0,2023066,-66.4821,-58.8727,0,0,0
-66.47,-58.9,1,2023067,-66.486,-58.8613,0,0,0
-66.47,-58.9,0,2023068,-66.4889,-58.8501,0,0,0
-66.47,-58.9,0,2023069,-66.49,-58.84,1,16,7
-66.47,-58.9,0,2023070,-66.4886,-58.8293,0,0,0
-66.47,-58.9,1,2023071,-66.4849,-58.8167,0,0,0
-66.47,-58.9,1,2023072,-66.4798,-58.8034,0,0,0
-66.465,-58.835,0,2023073,-66.4739,-58.7908,0,0,0
-66.46,-58.77,1,2023074,-66.4681,-58.7801,0,0,0
-66.46,-58.77,1,2023075,-66.4632,-58.7727,0,0,0
-66.46,-58.77,1,2023076,-66.46,-58.77,1,16,7
-66.46,-58.77,1,2023077,-66.4582,-58.7721,0,0,0
-66.46,-58.77,0,2023078,-66.4569,-58.7777,0,0,0
-66.46,-58.77,1,2023079,-66.4558,-58.7861,0,0,0
-66.46,-58.77,1,2023080,-66.4548,-58.7963,0,0,0
-66.46,-58.77,1,2023081,-66.4537,-58.8076,0,0,0
-66.46,-58.77,1,2023082,-66.4522,-58.8191,0,0,0
-66.455,-58.8,0,2023083,-66.45,-58.83,1,16,7
-66.45,-58.83,1,2023084,-66.4446,-58.8408,0,0,0
-66.45,-58.83,1,2023085,-66.4347,-58.8526,0,0,0
-66.45,-58.83,1,2023086,-66.4216,-58.8651,0,0,0
-66.4247,-58.9074,1,2023087,-66.4071,-58.8783,0,0,0
-66.3928,-58.926,1,2023088,-66.3926,-58.8919,0,0,0
-66.3733,-58.9681,0,2023089,-66.3797,-58.9059,0,0,0
-66.3642,-58.9983,1,2023090,-66.37,-58.92,1,16,7
-66.3642,-58.9983,1,2023091,-66.3634,-58.9331,0,0,0
-66.3642,-58.9101,1,2023092,-66.3583,-58.9451,0,0,0
-66.3642,-58.9101,0,2023093,-66.354,-58.9571,0,0,0
-66.3642,-58.9101,1,2023094,-66.3498,-58.9704,0,0,0
-66.3642,-58.9101,1,2023095,-66.3449,-58.9861,0,0,0
-66.328,-58.9675,1,2023096,-66.3385,-59.0056,0,0,0
-66.33,-59.03,1,2023097,-66.33,-59.03,1,16,7
-66.33,-59.03,1,2023098,-66.3114,-59.0853,0,0,0
-66.2877,-59.1417,1,2023099,-66.2787,-59.1853,0,0,0
-66.2454,-59.1168,1,2023100,-66.2369,-59.3126,0,0,0
-66.1585,-59.2383,0,2023101,-66.1911,-59.45,0,0,0
-66.0978,-59.4499,1,2023102,-66.1464,-59.5802,0,0,0
-66.1112,-59.6908,0,2023103,-66.1076,-59.686,0,0,0
-66.1246,-59.8417,1,2023104,-66.08,-59.75,1,16,7
-66.1067,-59.7975,1,2023105,-66.0617,-59.783,0,0,0
-66.1118,-59.851,1,2023106,-66.0467,-59.8089,0,0,0
-66.0737,-59.8893,0,2023107,-66.0339,-59.8298,0,0,0
-66.0112,-59.9083,1,2023108,-66.022,-59.8481,0,0,0
-65.9635,-59.8902,1,2023109,-66.0099,-59.866,0,0,0
-65.9415,-59.947,0,2023110,-65.9963,-59.8859,0,0,0
-65.9258,-60.0038,1,2023111,-65.98,-59.91,1,16,7
-65.9116,-59.9668,1,2023112,-65.9589,-59.9425,0,0,0
-65.9003,-60.0398,1,2023113,-65.9331,-59.9831,0,0,0
-65.8739,-60.0485,1,2023114,-65.9048,-60.0269,0,0,0
-65.857,-60.1292,1,2023115,-65.8761,-60.0693,0,0,0
-65.8345,-60.1861,1,2023116,-65.8493,-60.1054,0,0,0
-65.81,-60.14,1,2023117,-65.8265,-60.1306,0,0,0
-65.81,-60.14,1,2023118,-65.81,-60.14,1,16,7
-65.81,-60.14,1,2023119,-65.7987,-60.1334,0,0,0
-65.8012,-60.1144,0,2023120,-65.7897,-60.1162,0,0,0
-65.7858,-60.0693,1,2023121,-65.7821,-60.0928,0,0,0
-65.7716,-60.0269,1,2023122,-65.7752,-60.0672,0,0,0
-65.7569,-59.9938,1,2023123,-65.768,-60.0438,0,0,0
-65.7425,-59.9804,1,2023124,-65.7599,-60.0266,0,0,0
-65.7247,-59.996,0,2023125,-65.75,-60.02,1,16,7
-65.7054,-60.0307,0,2023126,-65.7358,-60.03,0,0,0
-65.6884,-60.0668,1,2023127,-65.7169,-60.0557,0,0,0
-65.6726,-60.1049,0,2023128,-65.6958,-60.0908,0,0,0
-65.6569,-60.1488,0,2023129,-65.6751,-60.1292,0,0,0
-65.6448,-60.185,0,2023130,-65.6573,-60.1643,0,0,0
-65.64,-60.2,1,2023131,-65.6447,-60.19,0,0,0
-65.6434,-60.1832,0,2023132,-65.64,-60.2,1,16,7
-65.6497,-60.1528,1,2023133,-65.6422,-60.1911,0,0,0
-65.6572,-60.1164,0,2023134,-65.6479,-60.1683,0,0,0
-65.6665,-60.0717,0,2023135,-65.6557,-60.137,0,0,0
-65.6743,-60.0339,0,2023136,-65.6643,-60.103,0,0,0
-65.6776,-60.0179,1,2023137,-65.6721,-60.0717,0,0,0
-65.6763,-60.0202,0,2023138,-65.6778,-60.0489,0,0,0
-65.6737,-60.0243,1,2023139,-65.68,-60.04,1,16,7
-65.6714,-60.0294,0,2023140,-65.68,-60.0428,0,0,0
-65.6684,-60.0351,0,2023141,-65.68,-60.0499,0,0,0
-65.6634,-60.0378,1,2023142,-65.68,-60.0597,0,0,0
0,0,0,2023143,-65.68,-60.0703,0,0,0
0,0,0,2023144,-65.68,-60.0801,0,0,0
0,0,0,2023145,-65.68,-60.0872,0,0,0
0,0,1,2023146,-65.68,-60.09,1,16,7
0,0,0,2023147,-65.6774,-60.09,0,0,0
0,0,0,2023148,-65.6704,-60.09,0,0,0
0,0,0,2023149,-65.6606,-60.09,0,0,0
0,0,0,2023150,-65.6492,-60.09,0,0,0
0,0,0,2023151,-65.6377,-60.09,0,0,0
0,0,0,2023152,-65.6275,-60.09,0,0,0
0,0,0,2023153,-65.62,-60.09,1,16,7
0,0,0,2023154,-65.6152,-60.0911,0,0,0
0,0,1,2023155,-65.6118,-60.094,0,0,0
-65.639,-60.0465,1,2023156,-65.6091,-60.0979,0,0,0
-65.6353,-60.1028,0,2023157,-65.6062,-60.1021,0,0,0
-65.6277,-60.1186,1,2023158,-65.6026,-60.106,0,0,0
-65.6145,-60.1164,0,2023159,-65.5974,-60.1089,0,0,0
-65.5981,-60.1122,0,2023160,-65.59,-60.11,1,16,7
-65.59,-60.11,1,2023161,0,0,0,0,0
-65.59,-60.11,0,2023162,0,0,0,0,0
-65.59,-60.11,1,2023163,0,0,0,0,0
-65.59,-60.11,1,2023164,0,0,0,0,0
-65.59,-60.11,1,2023165,0,0,0,0,0
-65.59,-60.11,1,2023166,0,0,1,16,7
-65.59,-60.11,0,2023167,0,0,0,0,0
-65.59,-60.11,1,2023168,0,0,0,0,0
-65.59,-60.11,1,2023169,0,0,0,0,0
-65.59,-60.11,0,2023170,0,0,0,0,0
-65.59,-60.11,1,2023171,0,0,0,0,0
-65.59,-60.11,1,2023172,0,0,0,0,0
-65.59,-60.11,1,2023173,0,0,0,0,0
-65.57,-60.16,1,2023174,0,0,0,0,0
-65.57,-60.16,1,2023175,0,0,1,16,7
-65.57,-60.16,1,2023176,0,0,0,0,0
-65.57,-60.16,1,2023177,0,0,0,0,0
-65.57,-60.16,0,2023178,0,0,0,0,0
-65.57,-60.16,1,2023179,0,0,0,0,0
-65.57,-60.16,1,2023180,0,0,0,0,0
-65.57,-60.16,0,2023181,-65.57,-60.15,1,16,7
-65.57,-60.16,1,2023182,-65.57,-60.1551,0,0,0
-65.57,-60.16,1,2023183,-65.57,-60.1588,0,0,0
-65.57,-60.16,0,2023184,-65.57,-60.1615,0,0,0
-65.57,-60.16,1,2023185,-65.57,-60.1636,0,0,0
-65.57,-60.16,1,2023186,-65.57,-60.1655,0,0,0
-65.57,-60.16,0,2023187,-65.57,-60.1675,0,0,0
-65.57,-60.16,1,2023188,-65.57,-60.17,1,16,7
-65.57,-60.16,1,2023189,-65.5728,-60.1732,0,0,0
-65.57,-60.16,1,2023190,-65.5799,-60.1769,0,0,0
-65.57,-60.16,1,2023191,-65.5897,-60.1807,0,0,0
-65.57,-60.16,0,2023192,-65.6003,-60.1842,0,0,0
-65.57,-60.16,0,2023193,-65.6101,-60.1872,0,0,0
-65.57,-60.16,1,2023194,-65.6172,-60.1892,0,0,0
-65.57,-60.16,0,2023195,-65.62,-60.19,1,16,7
-65.57,-60.16,1,2023196,-65.62,-60.19,0,0,0
-65.57,-60.16,1,2023197,-65.62,-60.19,0,0,0
-65.57,-60.16,1,2023198,-65.62,-60.19,0,0,0
-65.57,-60.16,1,2023199,-65.62,-60.19,0,0,0
-65.57,-60.16,1,2023200,-65.62,-60.19,0,0,0
-65.57,-60.16,0,2023201,-65.62,-60.19,0,0,0
-65.57,-60.16,0,2023202,-65.62,-60.19,1,16,7
-65.57,-60.16,1,2023203,-65.62,-60.1845,0,0,0
-65.57,-60.16,1,2023204,-65.62,-60.1702,0,0,0
-65.57,-60.16,0,2023205,-65.62,-60.1506,0,0,0
-65.57,-60.16,0,2023206,-65.62,-60.1294,0,0,0
-65.57,-60.16,1,2023207,-65.62,-60.1098,0,0,0
-65.5871,-60.1415,0,2023208,-65.62,-60.0955,0,0,0
-65.6043,-60.1229,1,2023209,-65.62,-60.09,1,16,7
-65.599,-60.1302,0,2023210,-65.6191,-60.0961,0,0,0
-65.5882,-60.1454,0,2023211,-65.6168,-60.1118,0,0,0
-65.5791,-60.158,1,2023212,-65.6135,-60.1333,0,0,0
-65.5744,-60.1645,1,2023213,-65.6097,-60.1567,0,0,0
-65.5744,-60.1645,0,2023214,-65.6059,-60.1782,0,0,0
-65.5744,-60.1645,0,2023215,-65.6025,-60.1939,0,0,0
-65.5744,-60.1645,0,2023216,-65.6,-60.2,1,16,7
-65.5744,-60.1645,0,2023217,-65.598,-60.1979,0,0,0
-65.5744,-60.1645,0,2023218,-65.5961,-60.1919,0,0,0
-65.5744,-60.1645,0,2023219,-65.5942,-60.1829,0,0,0
-65.5744,-60.1645,1,2023220,-65.5925,-60.1714,0,0,0
-65.5744,-60.1645,1,2023221,-65.5912,-60.1583,0,0,0
-65.5744,-60.1645,1,2023222,-65.5903,-60.1443,0,0,0
-65.609,-60.1006,1,2023223,-65.59,-60.13,1,16,7
-65.609,-60.1006,0,2023224,-65.59,-60.1102,0,0,0
-65.609,-60.1006,1,2023225,-65.59,-60.0818,0,0,0
-65.609,-60.1006,0,2023226,-65.59,-60.0492,0,0,0
-65.609,-60.1006,0,2023227,-65.59,-60.0165,0,0,0
-65.609,-60.1006,1,2023228,-65.59,-59.9879,0,0,0
-65.609,-60.1006,1,2023229,-65.59,-59.9677,0,0,0
-65.5747,-59.9672,1,2023230,-65.59,-59.96,1,16,7
-65.5747,-59.9672,1,2023231,-65.59,-59.96,0,0,0
0,0,0,2023232,-65.59,-59.96,0,0,0
0,0,0,2023233,-65.59,-59.96,0,0,0
0,0,0,2023234,-65.59,-59.96,0,0,0
0,0,0,2023235,-65.59,-59.96,0,0,0
0,0,0,2023236,-65.59,-59.96,0,0,0
0,0,0,2023237,-65.59,-59.96,1,16,7
0,0,0,2023238,-65.58,-59.9455,0,0,0
0,0,0,2023239,-65.5543,-59.9073,0,0,0
0,0,0,2023240,-65.5192,-59.8535,0,0,0
0,0,0,2023241,-65.4808,-59.7918,0,0,0
0,0,0,2023242,-65.4457,-59.7304,0,0,0
0,0,0,2023243,-65.42,-59.6771,0,0,0
0,0,0,2023244,-65.41,-59.64,1,16,7
0,0,0,2023245,-65.41,-59.6134,0,0,0
0,0,0,2023246,-65.41,-59.5873,0,0,0
0,0,0,2023247,-65.41,-59.563,0,0,0
0,0,0,2023248,-65.41,-59.5418,0,0,0
0,0,0,2023249,-65.41,-59.525,0,0,0
0,0,0,2023250,-65.41,-59.514,0,0,0
0,0,0,2023251,-65.41,-59.51,1,16,7
0,0,0,2023273,-65.41,-59.54,1,16,7
0,0,0,2023274,-65.4093,-59.5385,0,0,0
0,0,0,2023275,-65.4074,-59.5348,0,0,0
-65.4022,-59.5412,1,2023276,-65.405,-59.53,0,0,0
-65.3983,-59.5712,1,2023277,-65.4026,-59.5252,0,0,0
-65.3815,-59.5949,1,2023278,-65.4007,-59.5215,0,0,0
-65.4072,-59.6078,1,2023279,-65.4,-59.52,1,16,7
-65.3938,-59.553,1,2023280,-65.4,-59.52,0,0,0
-65.4022,-59.5412,1,2023281,-65.4,-59.52,0,0,0
-65.3938,-59.553,1,2023282,-65.4,-59.52,0,0,0
-65.4022,-59.5412,1,2023283,-65.4,-59.52,0,0,0
0,0,0,2023284,-65.4,-59.52,0,0,0
0,0,0,2023285,-65.4,-59.52,0,0,0
0,0,1,2023286,-65.4,-59.52,1,16,7
0,0,0,2023287,-65.4,-59.52,0,0,0
0,0,1,2023288,-65.4,-59.52,0,0,0
0,0,1,2023289,-65.4,-59.52,0,0,0
0,0,0,2023290,-65.4,-59.52,0,0,0
0,0,1,2023291,-65.4,-59.52,0,0,0
0,0,0,2023292,-65.4,-59.52,0,0,0
0,0,0,2023293,-65.4,-59.52,1,16,7
0,0,0,2023294,-65.4,-59.52,0,0,0
0,0,0,2023295,-65.4,-59.52,0,0,0
0,0,1,2023296,-65.4,-59.52,0,0,0
0,0,0,2023297,-65.4,-59.52,0,0,0
0,0,0,2023298,-65.4,-59.52,0,0,0
0,0,0,2023299,-65.4,-59.52,1,16,7
0,0,0,2023300,-65.4004,-59.5204,0,0,0
0,0,0,2023301,-65.4016,-59.5216,0,0,0
0,0,1,2023302,-65.4032,-59.5232,0,0,0
0,0,0,2023303,-65.405,-59.525,0,0,0
0,0,0,2023304,-65.4068,-59.5268,0,0,0
0,0,0,2023305,-65.4084,-59.5284,0,0,0
0,0,0,2023306,-65.4096,-59.5296,0,0,0
0,0,0,2023307,-65.41,-59.53,1,16,7
-65.435,-59.581,1,2023308,0,0,0,0,0
-65.435,-59.581,1,2023309,0,0,0,0,0
-65.435,-59.581,0,2023310,0,0,0,0,0
-65.435,-59.581,1,2023311,0,0,0,0,0
-65.443,-59.5209,1,2023312,0,0,0,0,0
-65.443,-59.5209,0,2023313,0,0,0,0,0
-65.443,-59.5209,1,2023314,0,0,0,0,0
-65.443,-59.5209,1,2023315,0,0,0,0,0
-65.4328,-59.4133,1,2023316,0,0,0,0,0
-65.4328,-59.4133,1,2023317,0,0,0,0,0
-65.4328,-59.4133,1,2023318,0,0,0,0,0
-65.4328,-59.4133,1,2023319,0,0,0,0,0
-65.4376,-59.2477,1,2023320,0,0,0,0,0
-65.4144,-59.0857,1,2023321,0,0,0,0,0
-65.4037,-58.9665,1,2023322,0,0,0,0,0
-65.3888,-58.917,0,2023323,0,0,0,0,0
-65.3709,-58.885,0,2023324,0,0,0,0,0
-65.3525,-58.8571,0,2023325,0,0,0,0,0
-65.3361,-58.82,1,2023326,0,0,0,0,0
-65.11,-57.34,1,2023345,0,0,0,0,0
-65.11,-57.34,1,2023346,0,0,0,0,0
-65.11,-57.34,1,2023347,0,0,0,0,0
0,0,0,2023349,-65.19,-57.57,1,16,7
0,0,0,2023350,-65.1915,-57.5312,0,0,0
0,0,0,2023351,-65.1952,-57.4941,0,0,0
0,0,1,2023352,-65.2,-57.458,0,0,0
0,0,1,2023353,-65.2048,-57.4224,0,0,0
0,0,0,2023354,-65.2085,-57.3866,0,0,0
0,0,1,2023355,-65.21,-57.35,1,16,7
-65.19,-57.57,1,2023356,0,0,0,0,0
-65.19,-57.57,1,2023357,0,0,0,0,0
-65.19,-57.57,1,2023358,0,0,0,0,0
-65.19,-57.57,1,2023359,0,0,0,0,0
-65.15,-57.09,1,2023360,0,0,0,0,0
-65.1525,-57.1206,0,2023361,0,0,0,0,0
-65.159,-57.1984,0,2023362,0,0,0,0,0
-65.1677,-57.3024,0,2023363,0,0,0,0,0
-65.1768,-57.4116,0,2023364,0,0,0,0,0
-65.1846,-57.5051,0,2023365,0,0,0,0,0
-65.19,-57.57,1,2024001,0,0,0,0,0
-65.19,-57.57,1,2024002,0,0,0,0,0
-65.19,-57.57,1,2024003,0,0,0,0,0
0,0,0,2024004,-65.12,-56.8,1,16,7
0,0,1,2024005,-65.1161,-56.7774,0,0,0
0,0,1,2024006,-65.1122,-56.757,0,0,0
0,0,0,2024007,-65.1085,-56.7384,0,0,0
0,0,1,2024008,-65.1051,-56.721,0,0,0
0,0,0,2024009,-65.1024,-56.7042,0,0,0
0,0,1,2024010,-65.1006,-56.6874,0,0,0
0,0,1,2024011,-65.1,-56.67,1,16,7
0,0,0,2024012,-65.1017,-56.6532,0,0,0
0,0,0,2024013,-65.1063,-56.6377,0,0,0
0,0,1,2024014,-65.1132,-56.6227,0,0,0
0,0,1,2024015,-65.1217,-56.6074,0,0,0
0,0,1,2024016,-65.1311,-56.5907,0,0,0
0,0,1,2024017,-65.1408,-56.5719,0,0,0
0,0,1,2024018,-65.15,-56.55,1,16,7
0,0,1,2024019,-65.1594,-56.5212,0,0,0
0,0,0,2024020,-65.17,-56.4843,0,0,0
0,0,0,2024021,-65.1813,-56.4422,0,0,0
0,0,0,2024022,-65.1933,-56.3978,0,0,0
0,0,0,2024023,-65.2056,-56.354,0,0,0
0,0,1,2024024,-65.2179,-56.3138,0,0,0
0,0,0,2024025,-65.23,-56.28,1,16,7
0,0,1,2024026,-65.2423,-56.2492,0,0,0
0,0,0,2024027,-65.2553,-56.2171,0,0,0
0,0,1,2024028,-65.2687,-56.1852,0,0,0
0,0,0,2024029,-65.282,-56.1554,0,0,0
0,0,0,2024030,-65.2951,-56.1293,0,0,0
0,0,0,2024031,-65.3077,-56.1086,0,0,0
0,0,0,2024032,-65.3194,-56.0949,0,0,0
-65.33,-56.09,1,2024033,-65.33,-56.09,1,16,7
-65.33,-56.09,1,2024034,-65.3406,-56.101,0,0,0
-65.33,-56.09,1,2024035,-65.3518,-56.1296,0,0,0
-65.1937,-56.19,1,2024036,-65.3624,-56.1686,0,0,0
-65.1937,-56.19,1,2024037,-65.3714,-56.2114,0,0,0
-65.1937,-56.19,1,2024038,-65.3777,-56.2508,0,0,0
-65.38,-56.28,1,2024039,-65.38,-56.28,1,16,7
-65.2355,-56.1981,1,2024040,-65.3777,-56.2996,0,0,0
-65.2355,-56.1981,1,2024041,-65.3716,-56.3157,0,0,0
-65.2355,-56.1981,1,2024042,-65.3627,-56.3295,0,0,0
-65.2355,-56.1981,1,2024043,-65.3519,-56.3424,0,0,0
-65.2355,-56.1981,1,2024044,-65.3402,-56.3556,0,0,0
-65.2355,-56.1981,1,2024045,-65.3287,-56.3704,0,0,0
-65.2355,-56.1981,1,2024046,-65.3183,-56.3881,0,0,0
-65.31,-56.41,1,2024047,-65.31,-56.41,1,16,7
-65.31,-56.41,1,2024048,-65.3033,-56.4462,0,0,0
-65.31,-56.41,1,2024049,-65.297,-56.5004,0,0,0
-65.31,-56.41,1,2024050,-65.2911,-56.5638,0,0,0
-65.31,-56.41,1,2024051,-65.2855,-56.6281,0,0,0
-65.31,-56.41,1,2024052,-65.2801,-56.6846,0,0,0
-65.31,-56.41,1,2024053,-65.275,-56.7247,0,0,0
-65.27,-56.74,1,2024054,-65.27,-56.74,1,16,7
0,0,1,2024055,-65.2647,-56.7378,0,0,0
0,0,0,2024056,-65.2591,-56.7321,0,0,0
0,0,0,2024057,-65.2534,-56.7243,0,0,0
0,0,0,2024058,-65.2482,-56.7157,0,0,0
0,0,0,2024059,-65.2439,-56.7079,0,0,0
0,0,0,2024060,-65.2411,-56.7022,0,0,0
0,0,0,2024061,-65.24,-56.7,1,16,7
0,0,0,2024062,-65.2404,-56.7133,0,0,0
0,0,0,2024063,-65.2416,-56.7467,0,0,0
0,0,1,2024064,-65.2433,-56.79,0,0,0
-65.24,-56.7,1,2024065,-65.2454,-56.8333,0,0,0
-65.2478,-56.8405,0,2024066,-65.2477,-56.8667,0,0,0
-65.25,-56.88,1,2024067,-65.25,-56.88,1,16,7
-65.25,-56.88,0,2024068,-65.253,-56.8798,0,0,0
-65.25,-56.88,0,2024069,-65.2572,-56.8793,0,0,0
-65.25,-56.88,1,2024070,-65.2621,-56.8785,0,0,0
-65.25,-56.88,0,2024071,-65.2673,-56.8774,0,0,0
-65.25,-56.88,1,2024072,-65.2721,-56.876,0,0,0
-65.25,-56.88,1,2024073,-65.2762,-56.8743,0,0,0
-65.25,-56.88,1,2024074,-65.279,-56.8723,0,0,0
-65.28,-56.87,1,2024075,-65.28,-56.87,1,16,7
-65.28,-56.87,0,2024076,-65.2778,-56.8621,0,0,0
-65.28,-56.87,1,2024077,-65.2721,-56.8448,0,0,0
-65.28,-56.87,1,2024078,-65.2643,-56.8204,0,0,0
-65.2559,-56.7654,1,2024079,-65.2557,-56.7914,0,0,0
-65.2559,-56.7654,1,2024080,-65.2479,-56.7601,0,0,0
-65.2559,-56.7654,1,2024081,-65.2422,-56.7288,0,0,0
-65.248,-56.7327,0,2024082,-65.24,-56.7,1,16,7
-65.24,-56.7,1,2024083,-65.2406,-56.6686,0,0,0
-65.24,-56.7,1,2024084,-65.242,-56.631,0,0,0
-65.24,-56.7,1,2024085,-65.2439,-56.5911,0,0,0
-65.24,-56.7,1,2024086,-65.2461,-56.5529,0,0,0
-65.24,-56.7,1,2024087,-65.248,-56.5207,0,0,0
0,0,0,2024088,-65.2494,-56.4983,0,0,0
0,0,0,2024089,-65.25,-56.49,1,16,7
0,0,0,2024090,-65.233,-56.5044,0,0,0
0,0,0,2024091,-65.1881,-56.5415,0,0,0
0,0,0,2024092,-65.1243,-56.5923,0,0,0
0,0,0,2024093,-65.0505,-56.6477,0,0,0
0,0,0,2024094,-64.9759,-56.6985,0,0,0
0,0,0,2024095,-64.9094,-56.7356,0,0,0
0,0,0,2024096,-64.86,-56.75,1,16,7
0,0,0,2024097,-64.823,-56.7394,0,0,0
0,0,0,2024098,-64.7879,-56.7108,0,0,0
0,0,0,2024099,-64.7552,-56.6692,0,0,0
0,0,0,2024100,-64.7255,-56.6194,0,0,0
0,0,0,2024101,-64.6993,-56.5663,0,0,0
0,0,0,2024102,-64.6773,-56.5149,0,0,0
0,0,0,2024103,-64.66,-56.47,1,16,7
0,0,0,2024104,-64.6467,-56.4251,0,0,0
-64.66,-56.47,1,2024105,-64.636,-56.3737,0,0,0
-64.66,-56.47,1,2024106,-64.6269,-56.3206,0,0,0
-64.5957,-56.4625,1,2024107,-64.6186,-56.2708,0,0,0
-64.5846,-56.418,0,2024108,-64.6103,-56.2292,0,0,0
-64.5782,-56.3475,0,2024109,-64.601,-56.2006,0,0,0
-64.5762,-56.3107,1,2024110,-64.59,-56.19,1,16,7
-64.5762,-56.3107,1,2024111,0,0,0,0,0
-64.5762,-56.3107,1,2024112,0,0,0,0,0
-64.5602,-56.0914,1,2024113,0,0,0,0,0
-64.5602,-56.0914,1,2024114,0,0,0,0,0
-64.5602,-56.0914,1,2024115,0,0,0,0,0
-64.5602,-56.0914,1,2024116,0,0,0,0,0
-64.5602,-56.0914,1,2024117,0,0,0,0,0
-64.5602,-56.0914,1,2024118,0,0,0,0,0
-64.5602,-56.0914,1,2024119,0,0,0,0,0
-64.4713,-55.9624,1,2024120,0,0,0,0,0
-64.4713,-55.9624,1,2024121,0,0,0,0,0
-64.4713,-55.9624,1,2024122,0,0,0,0,0
-64.4024,-55.8883,1,2024123,0,0,0,0,0
-64.4024,-55.8883,1,2024124,0,0,0,0,0
-64.3014,-55.84,1,2024125,0,0,0,0,0
-64.3014,-55.84,1,2024126,0,0,0,0,0
-64.3014,-55.84,1,2024127,0,0,0,0,0
-64.1604,-56.0836,1,2024128,0,0,0,0,0
-64.1604,-56.0836,1,2024129,0,0,0,0,0
-64.1604,-56.0836,1,2024130,0,0,0,0,0
-64.1604,-56.0836,1,2024131,0,0,0,0,0
-64.1604,-56.0836,1,2024132,0,0,0,0,0
-64.1001,-55.9842,1,2024133,0,0,0,0,0
-64.1001,-55.9842,1,2024134,0,0,0,0,0
-64.1001,-55.9842,1,2024135,0,0,0,0,0
-64.0397,-56.0059,1,2024136,0,0,0,0,0
-64.0397,-56.0059,1,2024137,0,0,0,0,0
-64.0397,-56.0059,1,2024138,0,0,0,0,0
-63.9042,-56.1062,1,2024139,0,0,0,0,0
-63.9042,-56.1062,1,2024140,0,0,0,0,0
-63.9042,-56.1062,1,2024141,0,0,0,0,0
-63.9042,-56.1062,1,2024142,0,0,0,0,0
-63.857,-56.4509,1,2024143,0,0,0,0,0
-63.857,-56.4509,1,2024144,0,0,0,0,0
-63.857,-56.4509,1,2024145,0,0,0,0,0
-63.8631,-56.6182,1,2024146,0,0,0,0,0
-63.8631,-56.6182,1,2024147,0,0,0,0,0
-63.8897,-56.6016,1,2024148,0,0,0,0,0
-63.8897,-56.6016,1,2024149,0,0,0,0,0
-63.8897,-56.6016,1,2024150,0,0,0,0,0
-63.8,-56.24,1,2024151,0,0,0,0,0
0,0,0,2024152,-63.8,-56.24,1,16,7
0,0,0,2024153,-63.8006,-56.2425,0,0,0
0,0,0,2024154,-63.802,-56.2459,0,0,0
0,0,0,2024155,-63.8039,-56.2497,0,0,0
0,0,0,2024156,-63.8061,-56.2535,0,0,0
0,0,0,2024157,-63.808,-56.2568,0,0,0
0,0,0,2024158,-63.8094,-56.2591,0,0,0
0,0,0,2024159,-63.81,-56.26,1,16,7
0,0,0,2024160,-63.81,-56.26,0,0,0
0,0,0,2024161,-63.81,-56.26,0,0,0
0,0,0,2024162,-63.81,-56.26,0,0,0
0,0,0,2024163,-63.81,-56.26,0,0,0
0,0,0,2024164,-63.81,-56.26,0,0,0
0,0,0,2024165,-63.81,-56.26,0,0,0
0,0,0,2024166,-63.81,-56.26,1,16,7
0,0,0,2024167,-63.81,-56.26,0,0,0
0,0,0,2024168,-63.81,-56.26,0,0,0
0,0,0,2024169,-63.81,-56.26,0,0,0
0,0,0,2024170,-63.81,-56.26,0,0,0
0,0,0,2024171,-63.81,-56.26,0,0,0
-63.7779,-56.4866,1,2024172,-63.81,-56.26,0,0,0
-63.7779,-56.4866,1,2024173,-63.81,-56.26,1,16,7
-63.7779,-56.4866,1,2024174,-63.81,-56.26,0,0,0
-63.7779,-56.4866,1,2024175,-63.81,-56.26,0,0,0
-63.7613,-56.5229,1,2024176,-63.81,-56.26,0,0,0
-63.8023,-56.5559,1,2024177,-63.81,-56.26,0,0,0
-63.7676,-56.4778,1,2024178,-63.81,-56.26,0,0,0
-63.7676,-56.4778,1,2024179,-63.81,-56.26,1,16,7
0,0,0,2024180,-63.81,-56.26,0,0,0
0,0,0,2024181,-63.81,-56.26,0,0,0
0,0,1,2024182,-63.81,-56.26,0,0,0
0,0,0,2024183,-63.81,-56.26,0,0,0
0,0,1,2024184,-63.81,-56.26,0,0,0
0,0,1,2024185,-63.81,-56.26,0,0,0
0,0,0,2024186,-63.81,-56.26,0,0,0
0,0,1,2024187,-63.81,-56.26,1,16,7
0,0,0,2024188,-63.8117,-56.2644,0,0,0
0,0,0,2024189,-63.8159,-56.2759,0,0,0
0,0,0,2024190,-63.8218,-56.2915,0,0,0
0,0,0,2024191,-63.8282,-56.3085,0,0,0
0,0,1,2024192,-63.8341,-56.3241,0,0,0
0,0,0,2024193,-63.8383,-56.3356,0,0,0
0,0,0,2024194,-63.84,-56.34,1,16,7
0,0,0,2024195,-63.84,-56.34,0,0,0
0,0,0,2024196,-63.84,-56.34,0,0,0
0,0,0,2024197,-63.84,-56.34,0,0,0
0,0,1,2024198,-63.84,-56.34,0,0,0
0,0,0,2024199,-63.84,-56.34,0,0,0
0,0,0,2024200,-63.84,-56.34,0,0,0
0,0,0,2024201,-63.84,-56.34,1,16,7
0,0,0,2024202,-63.84,-56.34,0,0,0
0,0,0,2024203,-63.84,-56.34,0,0,0
-63.7676,-56.4778,1,2024204,-63.84,-56.34,0,0,0
-63.7676,-56.4778,1,2024205,-63.84,-56.34,0,0,0
-63.7676,-56.4778,1,2024206,-63.84,-56.34,0,0,0
-63.7676,-56.4778,1,2024207,-63.84,-56.34,1,16,7
-63.7676,-56.4778,1,2024208,-63.8387,-56.3439,0,0,0
-63.7676,-56.4778,1,2024209,-63.8353,-56.3541,0,0,0
-63.7676,-56.4778,1,2024210,-63.8305,-56.3685,0,0,0
-63.7676,-56.4778,1,2024211,-63.825,-56.385,0,0,0
-63.7676,-56.4778,1,2024212,-63.8195,-56.4015,0,0,0
-63.7676,-56.4778,1,2024213,-63.8147,-56.4159,0,0,0
-63.7676,-56.4778,1,2024214,-63.8113,-56.4261,0,0,0
-63.7676,-56.4778,1,2024215,-63.81,-56.43,1,16,7
-63.7676,-56.4778,1,2024216,-63.81,-56.4293,0,0,0
-63.7676,-56.4778,1,2024217,-63.81,-56.4274,0,0,0
-63.7676,-56.4778,1,2024218,-63.81,-56.425,0,0,0
-63.7676,-56.4778,1,2024219,-63.81,-56.4226,0,0,0
-63.7676,-56.4778,1,2024220,-63.81,-56.4207,0,0,0
0,0,0,2024221,-63.81,-56.42,1,16,7
0,0,0,2024222,-63.81,-56.4206,0,0,0
0,0,0,2024223,-63.81,-56.422,0,0,0
0,0,1,2024224,-63.81,-56.4239,0,0,0
0,0,1,2024225,-63.81,-56.4261,0,0,0
0,0,0,2024226,-63.81,-56.428,0,0,0
0,0,0,2024227,-63.81,-56.4294,0,0,0
0,0,0,2024228,-63.81,-56.43,1,16,7
0,0,0,2024229,-63.81,-56.4267,0,0,0
0,0,0,2024230,-63.81,-56.4181,0,0,0
0,0,0,2024231,-63.81,-56.4064,0,0,0
0,0,0,2024232,-63.81,-56.3936,0,0,0
0,0,0,2024233,-63.81,-56.3819,0,0,0
0,0,0,2024234,-63.81,-56.3733,0,0,0
0,0,0,2024235,-63.81,-56.37,1,16,7
0,0,0,2024236,-63.8113,-56.3706,0,0,0
0,0,0,2024237,-63.8147,-56.372,0,0,0
0,0,0,2024238,-63.8195,-56.3739,0,0,0
0,0,0,2024239,-63.8251,-56.3761,0,0,0
0,0,0,2024240,-63.8308,-56.378,0,0,0
0,0,0,2024241,-63.836,-56.3794,0,0,0
0,0,0,2024242,-63.84,-56.38,1,16,7
0,0,0,2024243,-63.8433,-56.3776,0,0,0
0,0,0,2024244,-63.8467,-56.371,0,0,0
0,0,0,2024245,-63.8501,-56.3607,0,0,0
0,0,0,2024246,-63.8532,-56.3475,0,0,0
0,0,0,2024247,-63.8559,-56.3322,0,0,0
0,0,0,2024248,-63.8581,-56.3154,0,0,0
0,0,0,2024249,-63.8595,-56.2977,0,0,0
0,0,0,2024250,-63.86,-56.28,1,16,7
0,0,0,2024251,-63.8589,-56.256,0,0,0
0,0,0,2024252,-63.8561,-56.2224,0,0,0
0,0,0,2024253,-63.8518,-56.1841,0,0,0
0,0,0,2024254,-63.8466,-56.1458,0,0,0
0,0,0,2024255,-63.8409,-56.1125,0,0,0
0,0,0,2024256,-63.8353,-56.0889,0,0,0
0,0,0,2024257,-63.83,-56.08,1,16,7
0,0,0,2024258,-63.8242,-56.0944,0,0,0
0,0,0,2024259,-63.8171,-56.1315,0,0,0
0,0,0,2024260,-63.8095,-56.1823,0,0,0
0,0,0,2024261,-63.8021,-56.2377,0,0,0
0,0,0,2024262,-63.7959,-56.2885,0,0,0
0,0,0,2024263,-63.7916,-56.3256,0,0,0
0,0,0,2024264,-63.79,-56.34,1,16,7
0,0,0,2024265,-63.79,-56.34,0,0,0
0,0,0,2024266,-63.79,-56.34,0,0,0
0,0,0,2024267,-63.79,-56.34,0,0,0
-63.757,-56.4822,1,2024268,-63.79,-56.34,0,0,0
-63.757,-56.4822,1,2024269,-63.79,-56.34,0,0,0
-63.757,-56.4822,1,2024270,-63.79,-56.34,1,16,7
-63.757,-56.4822,1,2024271,-63.79,-56.3417,0,0,0
-63.757,-56.4822,1,2024272,-63.79,-56.3463,0,0,0
-63.7245,-56.5308,1,2024273,-63.79,-56.3527,0,0,0
-63.7245,-56.5308,1,2024274,-63.79,-56.36,0,0,0
-63.7327,-56.5185,1,2024275,-63.79,-56.3673,0,0,0
-63.7327,-56.5185,1,2024276,-63.79,-56.3737,0,0,0
-63.7327,-56.5185,1,2024277,-63.79,-56.3783,0,0,0
-63.7327,-56.5185,1,2024278,-63.79,-56.38,1,16,7
-63.7327,-56.5185,1,2024279,-63.7893,-56.3785,0,0,0
-63.7327,-56.5185,1,2024280,-63.7874,-56.3748,0,0,0
-63.7327,-56.5185,1,2024281,-63.785,-56.37,0,0,0
-63.7327,-56.5185,1,2024282,-63.7826,-56.3652,0,0,0
-63.7327,-56.5185,1,2024283,-63.7807,-56.3615,0,0,0
-63.7327,-56.5185,1,2024284,-63.78,-56.36,1,16,7
-63.7327,-56.5185,1,2024285,-63.78,-56.36,0,0,0
-63.7327,-56.5185,1,2024286,-63.78,-56.36,0,0,0
0,0,1,2024287,-63.78,-56.36,0,0,0
0,0,0,2024288,-63.78,-56.36,0,0,0
0,0,0,2024289,-63.78,-56.36,0,0,0
0,0,0,2024290,-63.78,-56.36,0,0,0
0,0,0,2024291,-63.78,-56.36,0,0,0
0,0,0,2024292,-63.78,-56.36,1,16,7
0,0,0,2024293,-63.7817,-56.3624,0,0,0
0,0,0,2024294,-63.7859,-56.3688,0,0,0
0,0,0,2024295,-63.7918,-56.3777,0,0,0
0,0,0,2024296,-63.7982,-56.3877,0,0,0
0,0,1,2024297,-63.8041,-56.3974,0,0,0
-63.7327,-56.5185,1,2024298,-63.8083,-56.4053,0,0,0
-63.7327,-56.5185,0,2024299,-63.81,-56.41,1,16,7
-63.7327,-56.5185,0,2024300,-63.81,-56.4124,0,0,0
-63.7327,-56.5185,1,2024301,-63.81,-56.4143,0,0,0
-63.7277,-56.5015,0,2024302,-63.81,-56.4158,0,0,0
-63.7185,-56.4701,0,2024303,-63.81,-56.4172,0,0,0
-63.7135,-56.4531,1,2024304,-63.81,-56.4186,0,0,0
-63.7135,-56.4531,0,2024305,-63.81,-56.42,1,16,7
-63.7135,-56.4531,1,2024306,-63.81,-56.4217,0,0,0
-63.7135,-56.4531,0,2024307,-63.81,-56.4236,0,0,0
-63.7135,-56.4531,1,2024308,-63.81,-56.4254,0,0,0
-63.7135,-56.4531,1,2024309,-63.81,-56.4272,0,0,0
-63.7135,-56.4531,1,2024310,-63.81,-56.4286,0,0,0
-63.7135,-56.4531,0,2024311,-63.81,-56.4296,0,0,0
-63.7135,-56.4531,1,2024312,-63.81,-56.43,1,16,7
-63.7135,-56.4531,1,2024313,-63.8113,-56.4265,0,0,0
-63.7135,-56.4531,1,2024314,-63.8149,-56.4169,0,0,0
-63.7135,-56.4531,1,2024315,-63.8204,-56.4025,0,0,0
-63.7135,-56.4531,0,2024316,-63.8272,-56.3843,0,0,0
-63.7135,-56.4531,1,2024317,-63.8351,-56.3638,0,0,0
-63.7868,-56.3766,0,2024318,-63.8434,-56.3421,0,0,0
-63.86,-56.3,1,2024319,-63.8519,-56.3204,0,0,0
-63.86,-56.3,1,2024320,-63.86,-56.3,1,16,7
-63.8725,-56.356,1,2024321,-63.8681,-56.2787,0,0,0
-63.8725,-56.356,1,2024322,-63.8767,-56.2545,0,0,0
-63.8725,-56.356,1,2024323,-63.8862,-56.2289,0,0,0
0,0,0,2024324,-63.8964,-56.2036,0,0,0
0,0,0,2024325,-63.9077,-56.1801,0,0,0
0,0,0,2024326,-63.92,-56.16,1,16,7
0,0,0,2024327,-63.9367,-56.1426,0,0,0
0,0,0,2024328,-63.9589,-56.126,0,0,0
0,0,0,2024329,-63.9838,-56.1105,0,0,0
0,0,0,2024330,-64.0083,-56.096,0,0,0
0,0,0,2024331,-64.0295,-56.0827,0,0,0
0,0,0,2024332,-64.0444,-56.0706,0,0,0
0,0,0,2024333,-64.05,-56.06,1,16,7
0,0,0,2024334,-64.0466,-56.0498,0,0,0
0,0,0,2024335,-64.0375,-56.0395,0,0,0
0,0,0,2024336,-64.0247,-56.0294,0,0,0
0,0,0,2024337,-64.01,-56.0201,0,0,0
0,0,0,2024338,-63.9953,-56.012,0,0,0
0,0,0,2024339,-63.9825,-56.0057,0,0,0
0,0,0,2024340,-63.9734,-56.0015,0,0,0
0,0,0,2024341,-63.97,-56,1,16,7
0,0,0,2024342,-63.9759,-56.0039,0,0,0
0,0,0,2024343,-63.9916,-56.0139,0,0,0
-63.97,-56,1,2024344,-64.0136,-56.0276,0,0,0
-63.97,-56,1,2024345,-64.0387,-56.0424,0,0,0
-63.97,-56,1,2024346,-64.0637,-56.0561,0,0,0
-64.0037,-56.0181,0,2024347,-64.0852,-56.0661,0,0,0
-64.0663,-56.0519,0,2024348,-64.1,-56.07,1,16,7
-64.1,-56.07,1,2024349,-64.1088,-56.063,0,0,0
-64.1,-56.07,1,2024350,-64.1153,-56.0435,0,0,0
-64.1,-56.07,1,2024351,-64.1206,-56.0135,0,0,0
-64.1,-56.07,1,2024352,-64.1256,-55.9751,0,0,0
-64.2391,-55.8398,1,2024353,-64.1315,-55.9303,0,0,0
-64.2391,-55.8398,1,2024354,-64.1393,-55.8813,0,0,0
-64.2391,-55.8398,1,2024355,-64.15,-55.83,1,16,7
-64.2391,-55.8398,1,2024356,-64.1787,-55.7496,0,0,0
-64.2391,-55.8398,1,2024357,-64.2312,-55.6285,0,0,0
-64.2391,-55.8398,1,2024358,-64.2944,-55.4912,0,0,0
-64.2391,-55.8398,1,2024359,-64.3556,-55.3626,0,0,0
-64.42,-55.23,1,2024360,-64.4017,-55.2673,0,0,0
-64.42,-55.23,1,2024361,-64.42,-55.23,1,16,7
-64.42,-55.23,1,2024362,-64.413,-55.2459,0,0,0
-64.42,-55.23,1,2024363,-64.3939,-55.2864,0,0,0
-64.42,-55.23,1,2024364,-64.3657,-55.3406,0,0,0
-64.42,-55.23,1,2024365,-64.3316,-55.3975,0,0,0
-64.3566,-55.318,0,2024366,-64.2945,-55.4462,0,0,0
-64.3034,-55.392,0,2025001,-64.2758,-55.4641,0,0,0
-64.24,-55.48,1,2025002,-64.24,-55.48,1,16,7
-64.24,-55.48,1,2025003,-64.1985,-55.4318,0,0,0
-64.24,-55.48,1,2025004,-64.1455,-55.3017,0,0,0
-64.24,-55.48,1,2025005,-64.0862,-55.1115,0,0,0
-64.24,-55.48,1,2025006,-64.026,-54.883,0,0,0
-64.24,-55.48,1,2025007,-63.97,-54.6378,0,0,0
-64.24,-55.48,1,2025008,-63.9235,-54.3977,0,0,0
-63.88,-54.02,1,2025009,-63.8917,-54.1845,0,0,0
-63.88,-54.02,1,2025010,-63.88,-54.02,1,16,7
-63.88,-54.02,0,2025011,-63.8807,-53.8927,0,0,0
-63.88,-54.02,1,2025012,-63.8826,-53.7758,0,0,0
-63.88,-54.02,1,2025013,-63.885,-53.6677,0,0,0
-63.88,-54.02,1,2025014,-63.8874,-53.5667,0,0,0
-63.89,-53.38,1,2025015,-63.8893,-53.4714,0,0,0
-63.89,-53.38,1,2025016,-63.89,-53.38,1,16,7
-63.89,-53.38,1,2025017,-63.8845,-53.2908,0,0,0
-63.89,-53.38,1,2025018,-63.8702,-53.2037,0,0,0
-63.8767,-53.3516,0,2025019,-63.8506,-53.1199,0,0,0
-63.8447,-53.2826,1,2025020,-63.8294,-53.0405,0,0,0
-63.7665,-53.1079,1,2025021,-63.8098,-52.9666,0,0,0
-63.79,-52.84,1,2025022,-63.7955,-52.8994,0,0,0
-63.7142,-52.8419,1,2025023,-63.79,-52.84,1,16,7
-63.7142,-52.8419,1,2025024,-63.7917,-52.7879,0,0,0
-63.7142,-52.8419,1,2025025,-63.7963,-52.7412,0,0,0
-63.7142,-52.8419,1,2025026,-63.8027,-52.6986,0,0,0
-63.7763,-52.6245,1,2025027,-63.81,-52.6586,0,0,0
-63.7763,-52.6245,0,2025028,-63.8173,-52.6201,0,0,0
-63.7763,-52.6245,1,2025029,-63.8238,-52.5817,0,0,0
0,0,0,2025030,-63.8283,-52.5421,0,0,0
0,0,0,2025031,-63.83,-52.5,1,16,7
0,0,0,2025032,-63.828,-52.4548,0,0,0
0,0,0,2025033,-63.8225,-52.4076,0,0,0
0,0,0,2025034,-63.8143,-52.3601,0,0,0
0,0,0,2025035,-63.8039,-52.3136,0,0,0
0,0,0,2025036,-63.7923,-52.2698,0,0,0
0,0,0,2025037,-63.78,-52.23,1,16,7
0,0,0,2025038,-63.7638,-52.1929,0,0,0
0,0,0,2025039,-63.741,-52.1564,0,0,0
0,0,0,2025040,-63.7136,-52.121,0,0,0
0,0,0,2025041,-63.6833,-52.0872,0,0,0
0,0,0,2025042,-63.652,-52.0557,0,0,0
0,0,0,2025043,-63.6214,-52.027,0,0,0
0,0,0,2025044,-63.5935,-52.0016,0,0,0
0,0,0,2025045,-63.57,-51.98,1,16,7
0,0,0,2025046,-63.5508,-51.963,0,0,0
0,0,0,2025047,-63.5337,-51.9498,0,0,0
0,0,0,2025048,-63.518,-51.9386,0,0,0
0,0,0,2025049,-63.5026,-51.9278,0,0,0
0,0,0,2025050,-63.4868,-51.9155,0,0,0
-63.4853,-51.9707,1,2025051,-63.4696,-51.9002,0,0,0
-63.4853,-51.9707,1,2025052,-63.45,-51.88,1,16,7
-63.4853,-51.9707,1,2025053,-63.4283,-51.8392,0,0,0
-63.3423,-51.7055,1,2025054,-63.4052,-51.7711,0,0,0
-63.3423,-51.7055,1,2025055,-63.3804,-51.6881,0,0,0
-63.3423,-51.7055,1,2025056,-63.3536,-51.6022,0,0,0
-63.2949,-51.6243,0,2025057,-63.3248,-51.5258,0,0,0
-63.2476,-51.5431,1,2025058,-63.2937,-51.471,0,0,0
-63.2476,-51.5431,1,2025059,-63.26,-51.45,1,16,7
-63.2476,-51.5431,1,2025060,-63.2182,-51.4883,0,0,0
0,0,0,2025061,-63.1664,-51.5891,0,0,0
0,0,0,2025062,-63.1102,-51.7309,0,0,0
0,0,1,2025063,-63.055,-51.8926,0,0,0
-63.0042,-52.1366,1,2025064,-63.0065,-52.0527,0,0,0
0,0,0,2025065,-62.97,-52.19,1,16,7
0,0,1,2025066,-62.945,-52.3146,0,0,0
0,0,1,2025067,-62.9255,-52.4465,0,0,0
0,0,0,2025068,-62.9092,-52.5792,0,0,0
0,0,1,2025069,-62.8938,-52.7064,0,0,0
0,0,0,2025070,-62.8771,-52.8216,0,0,0
-62.783,-53.3607,1,2025071,-62.8566,-52.9183,0,0,0
0,0,0,2025072,-62.83,-52.99,1,16,7
0,0,0,2025073,-62.7891,-53.0466,0,0,0
0,0,0,2025074,-62.7305,-53.1011,0,0,0
0,0,0,2025075,-62.6595,-53.1519,0,0,0
0,0,1,2025076,-62.5812,-53.1971,0,0,0
0,0,0,2025077,-62.5009,-53.2352,0,0,0
0,0,0,2025078,-62.4238,-53.2645,0,0,0
0,0,0,2025079,-62.3551,-53.2834,0,0,0
0,0,0,2025080,-62.3,-53.29,1,16,7
-62.3512,-53.3723,1,2025081,-62.2558,-53.2706,0,0,0
0,0,0,2025082,-62.2156,-53.2189,0,0,0
0,0,0,2025083,-62.1788,-53.1445,0,0,0
0,0,1,2025084,-62.1445,-53.0568,0,0,0
0,0,0,2025085,-62.1118,-52.9654,0,0,0
0,0,0,2025086,-62.08,-52.88,1,16,7
0,0,0,2025087,-62.0503,-52.7996,0,0,0
0,0,0,2025088,-62.0238,-52.7164,0,0,0
0,0,0,2025089,-61.9992,-52.6296,0,0,0
-61.9498,-52.3966,1,2025090,-61.9751,-52.5382,0,0,0
-61.9498,-52.3966,1,2025091,-61.9505,-52.4414,0,0,0
-61.9498,-52.3966,1,2025092,-61.9239,-52.3384,0,0,0
-61.9498,-52.3966,1,2025093,-61.8941,-52.2282,0,0,0
-61.9498,-52.3966,1,2025094,-61.86,-52.11,1,16,7
-61.9498,-52.3966,0,2025095,-61.8187,-51.976,0,0,0
-61.9498,-52.3966,1,2025096,-61.7696,-51.8224,0,0,0
-61.9498,-52.3966,1,2025097,-61.7148,-51.6547,0,0,0
-61.9498,-52.3966,1,2025098,-61.6564,-51.4782,0,0,0
-62.9664,-51.1596,1,2025099,-61.5964,-51.2983,0,0,0
-62.9664,-51.1596,1,2025100,-61.5369,-51.1205,0,0,0
-62.9664,-51.1596,0,2025101,-61.48,-50.95,1,16,7
-62.9664,-51.1596,1,2025102,-61.4222,-50.7795,0,0,0
-62.9664,-51.1596,1,2025103,-61.3605,-50.6019,0,0,0
-62.9664,-51.1596,1,2025104,-61.2977,-50.4226,0,0,0
-62.9664,-51.1596,1,2025105,-61.2366,-50.2472,0,0,0
-62.9664,-51.1596,1,2025106,-61.1797,-50.0813,0,0,0
-61.0018,-49.7764,1,2025107,-61.13,-49.9303,0,0,0
-61.0018,-49.7764,1,2025108,-61.09,-49.8,1,16,7
-61.0018,-49.7764,1,2025109,-61.0552,-49.6818,0,0,0
-61.0018,-49.7764,1,2025110,-61.0207,-49.5671,0,0,0
-60.9837,-49.6534,1,2025111,-60.9894,-49.4606,0,0,0
0,0,0,2025112,-60.9637,-49.3673,0,0,0
0,0,0,2025113,-60.9464,-49.2921,0,0,0
0,0,0,2025114,-60.94,-49.24,1,16,7
0,0,0,2025115,-60.9473,-49.2061,0,0,0
0,0,0,2025116,-60.9666,-49.1806,0,0,0
0,0,1,2025117,-60.9938,-49.1607,0,0,0
0,0,1,2025118,-61.025,-49.1437,0,0,0
0,0,0,2025119,-61.0562,-49.1269,0,0,0
0,0,0,2025120,-61.0834,-49.1075,0,0,0
0,0,0,2025121,-61.1027,-49.0827,0,0,0
0,0,0,2025122,-61.11,-49.05,1,16,7
0,0,0,2025123,-61.1048,-48.9933,0,0,0
0,0,0,2025124,-61.0909,-48.9066,0,0,0
0,0,0,2025125,-61.0712,-48.8021,0,0,0
0,0,0,2025126,-61.0484,-48.6921,0,0,0
0,0,0,2025127,-61.0255,-48.5886,0,0,0
0,0,0,2025128,-61.005,-48.5038,0,0,0
0,0,0,2025129,-60.99,-48.45,1,16,7
0,0,0,2025130,-60.9796,-48.4165,0,0,0
0,0,0,2025131,-60.9707,-48.3853,0,0,0
0,0,0,2025132,-60.9629,-48.3574,0,0,0
0,0,0,2025133,-60.9555,-48.3338,0,0,0
0,0,0,2025134,-60.9479,-48.3157,0,0,0
0,0,0,2025135,-60.9396,-48.3041,0,0,0
0,0,0,2025136,-60.93,-48.3,1,16,7
0,0,0,2025137,-60.9189,-48.3081,0,0,0
0,0,0,2025138,-60.9068,-48.3285,0,0,0
0,0,0,2025139,-60.8937,-48.355,0,0,0
0,0,0,2025140,-60.8798,-48.3815,0,0,0
-60.8666,-48.4172,1,2025141,-60.8652,-48.4019,0,0,0
-60.8466,-48.4455,1,2025142,-60.85,-48.41,1,16,7
-60.8254,-48.4446,0,2025143,-60.8339,-48.4022,0,0,0
-60.802,-48.4423,0,2025144,-60.8166,-48.3822,0,0,0
-60.777,-48.4386,0,2025145,-60.7983,-48.3549,0,0,0
-60.7512,-48.434,0,2025146,-60.7793,-48.3251,0,0,0
-60.7252,-48.4287,0,2025147,-60.7598,-48.2978,0,0,0
-60.6997,-48.4229,0,2025148,-60.7399,-48.2778,0,0,0
-60.6753,-48.4171,0,2025149,-60.72,-48.27,1,16,7
-60.6529,-48.4113,0,2025150,-60.6971,-48.2704,0,0,0
-60.633,-48.406,0,2025151,-60.67,-48.2717,0,0,0
-60.6163,-48.4014,0,2025152,-60.6415,-48.2738,0,0,0
-60.6035,-48.3977,0,2025153,-60.6144,-48.2767,0,0,0
-60.5954,-48.3954,0,2025154,-60.5916,-48.2804,0,0,0
-60.5925,-48.3945,1,2025155,-60.5759,-48.2848,0,0,0
-60.5926,-48.4142,0,2025156,-60.57,-48.29,1,16,7
-60.5928,-48.4678,0,2025157,-60.5706,-48.3299,0,0,0
-60.5931,-48.5468,0,2025158,-60.5721,-48.4248,0,0,0
-60.5936,-48.6427,0,2025159,-60.5746,-48.554,0,0,0
-60.5942,-48.7471,0,2025160,-60.5777,-48.6967,0,0,0
-60.5949,-48.8514,0,2025161,-60.5814,-48.8325,0,0,0
-60.5957,-48.9473,0,2025162,-60.5856,-48.9404,0,0,0
-60.5966,-49.0263,0,2025163,-60.59,-49,1,16,7
-60.5976,-49.0799,0,2025164,-60.5964,-49.0274,0,0,0
-60.5987,-49.0996,1,2025165,-60.6059,-49.0523,0,0,0
-60.6017,-49.0968,0,2025166,-60.6176,-49.0745,0,0,0
-60.608,-49.089,0,2025167,-60.6308,-49.0935,0,0,0
-60.617,-49.0772,0,2025168,-60.6445,-49.1089,0,0,0
-60.6279,-49.0625,0,2025169,-60.6578,-49.1204,0,0,0
-60.6401,-49.0458,0,2025170,-60.67,-49.1275,0,0,0
-60.6529,-49.0281,0,2025171,-60.68,-49.13,1,16,7
-60.6656,-49.0103,0,2025172,-60.6892,-49.12,0,0,0
-60.6775,-48.9936,0,2025173,-60.6988,-49.0938,0,0,0
-60.6879,-48.9789,0,2025174,-60.7082,-49.0568,0,0,0
-60.6962,-48.9671,0,2025175,-60.7167,-49.0145,0,0,0
-60.7017,-48.9593,0,2025176,-60.7236,-48.9722,0,0,0
-60.7037,-48.9565,1,2025177,-60.7283,-48.9356,0,0,0
-60.6938,-48.9723,0,2025178,-60.73,-48.91,1,16,7
-60.6756,-49.0015,0,2025179,-60.7242,-48.8929,0,0,0
-60.6657,-49.0173,1,2025180,-60.709,-48.8777,0,0,0
-60.6657,-49.0173,1,2025181,-60.6875,-48.8643,0,0,0
-60.664,-48.983,1,2025182,-60.6627,-48.8521,0,0,0
-60.6405,-48.9197,0,2025183,-60.6377,-48.8409,0,0,0
-60.6185,-48.8768,1,2025184,-60.6158,-48.8303,0,0,0
-60.6185,-48.8768,1,2025185,-60.6,-48.82,1,16,7
-60.6133,-48.902,1,2025186,-60.5889,-48.8091,0,0,0
-60.6007,-48.8725,1,2025187,-60.5789,-48.7976,0,0,0
-60.6007,-48.8725,0,2025188,-60.5699,-48.7863,0,0,0
-60.6007,-48.8725,1,2025189,-60.5617,-48.7761,0,0,0
-60.588,-48.843,1,2025190,-60.5541,-48.7677,0,0,0
-60.5608,-48.8393,1,2025191,-60.5469,-48.7621,0,0,0
-60.5463,-48.865,1,2025192,-60.54,-48.76,1,16,7
-60.5501,-48.8616,0,2025193,-60.5335,-48.7611,0,0,0
-60.557,-48.8525,0,2025194,-60.5276,-48.7643,0,0,0
-60.5608,-48.8393,1,2025195,-60.5221,-48.7693,0,0,0
-60.5481,-48.8099,1,2025196,-60.5167,-48.7756,0,0,0
-60.5259,-48.8471,0,2025197,-60.5114,-48.7831,0,0,0
-60.5004,-48.9161,0,2025198,-60.5059,-48.7913,0,0,0
-60.4882,-48.9533,1,2025199,-60.5,-48.8,1,16,7
-60.4882,-48.9533,1,2025200,-60.4944,-48.8143,0,0,0
-60.4337,-48.9896,1,2025201,-60.4894,-48.8364,0,0,0
-60.4337,-48.9896,0,2025202,-60.4842,-48.8616,0,0,0
-60.4337,-48.9896,1,2025203,-60.4781,-48.8854,0,0,0
-60.3267,-48.8302,1,2025204,-60.4703,-48.9031,0,0,0
-60.2688,-48.6603,1,2025205,-60.46,-48.91,1,16,7
-60.2289,-48.5326,1,2025206,-60.432,-48.8511,0,0,0
0,0,0,2025207,-60.3779,-48.6988,0,0,0
0,0,1,2025208,-60.3072,-48.4895,0,0,0
0,0,0,2025209,-60.2295,-48.2595,0,0,0
0,0,0,2025210,-60.1543,-48.0453,0,0,0
0,0,0,2025211,-60.0913,-47.8834,0,0,0
0,0,0,2025212,-60.05,-47.81,1,16,7
0,0,0,2025213,-60.0231,-47.794,0,0,0
0,0,0,2025214,-59.9974,-47.78,0,0,0
0,0,0,2025215,-59.9737,-47.768,0,0,0
-60.0144,-47.9073,1,2025216,-59.9527,-47.7581,0,0,0
0,0,0,2025217,-59.9351,-47.7503,0,0,0
0,0,0,2025218,-59.9216,-47.7446,0,0,0
0,0,0,2025219,-59.913,-47.7412,0,0,0
0,0,0,2025220,-59.91,-47.74,1,16,7
0,0,1,2025221,-59.913,-47.7411,0,0,0
0,0,0,2025222,-59.9204,-47.7441,0,0,0
-59.9316,-47.7889,1,2025223,-59.93,-47.7488,0,0,0
-59.9239,-47.8496,0,2025224,-59.9396,-47.7548,0,0,0
-59.9095,-47.8837,0,2025225,-59.947,-47.762,0,0,0
-59.9018,-47.8943,1,2025226,-59.95,-47.77,1,16,7
-59.9018,-47.8943,0,2025227,-59.9479,-47.7842,0,0,0
-59.9018,-47.8943,0,2025228,-59.9419,-47.808,0,0,0
-59.9018,-47.8943,0,2025229,-59.9329,-47.8383,0,0,0
-59.9018,-47.8943,1,2025230,-59.9214,-47.8718,0,0,0
-59.8958,-47.9159,0,2025231,-59.9083,-47.9054,0,0,0
-59.8832,-47.9609,0,2025232,-59.8943,-47.9359,0,0,0
-59.8719,-47.9994,1,2025233,-59.88,-47.96,1,16,7
-59.8658,-48.0193,0,2025234,-59.8602,-47.9807,0,0,0
-59.858,-48.0402,1,2025235,-59.8318,-48.0021,0,0,0
-59.8316,-48.0881,0,2025236,-59.7992,-48.0228,0,0,0
-59.7863,-48.1482,0,2025237,-59.7665,-48.0413,0,0,0
-59.7394,-48.1778,1,2025238,-59.7379,-48.0563,0,0,0
-59.6955,-48.0659,1,2025239,-59.7177,-48.0663,0,0,0
-59.657,-47.9813,1,2025240,-59.71,-48.07,1,16,7
-59.6721,-47.8675,0,2025241,-59.7227,-48.0429,0,0,0
-59.7104,-47.7435,0,2025242,-59.7556,-47.9729,0,0,0
-59.7611,-47.6567,1,2025243,-59.8005,-47.8771,0,0,0
-59.8474,-47.6183,1,2025244,-59.8495,-47.7729,0,0,0
-59.9498,-47.7217,1,2025245,-59.8944,-47.6771,0,0,0
-59.9875,-47.8037,0,2025246,-59.9273,-47.6071,0,0,0
-60.0127,-47.8891,1,2025247,-59.94,-47.58,1,16,7
-60.0417,-48.0047,0,2025248,-59.9334,-47.6221,0,0,0
-60.0576,-48.1396,1,2025249,-59.9162,-47.7307,0,0,0
-60.0094,-48.2916,1,2025250,-59.8928,-47.8791,0,0,0
-59.9568,-48.3697,0,2025251,-59.8672,-48.0409,0,0,0
-59.9029,-48.4262,0,2025252,-59.8438,-48.1893,0,0,0
-59.8544,-48.448,1,2025253,-59.8266,-48.2979,0,0,0
-59.8153,-48.2999,1,2025254,-59.82,-48.34,1,16,7
-59.7666,-48.1872,1,2025255,-59.8222,-48.3045,0,0,0
-59.7666,-48.1872,0,2025256,-59.8282,-48.2065,0,0,0
-59.7666,-48.1872,1,2025257,-59.8373,-48.0589,0,0,0
-59.7666,-48.1872,1,2025258,-59.8488,-47.8746,0,0,0
-59.767,-48.0295,0,2025259,-59.8619,-47.6664,0,0,0
-59.7684,-47.62,0,2025260,-59.8759,-47.4473,0,0,0
-59.7705,-47.0541,0,2025261,-59.89,-47.23,1,16,7
-59.7733,-46.427,0,2025262,-59.9077,-46.9638,0,0,0
-59.7769,-45.834,0,2025263,-59.9315,-46.612,0,0,0
-59.781,-45.3706,0,2025264,-59.9593,-46.2087,0,0,0
-59.7858,-45.132,1,2025265,-59.9887,-45.7878,0,0,0
-59.8016,-45.049,0,2025266,-60.0177,-45.3834,0,0,0
-59.8354,-44.9853,0,2025267,-60.044,-45.0297,0,0,0
-59.8816,-44.9358,0,2025268,-60.0655,-44.7605,0,0,0
-59.9347,-44.8951,0,2025269,-60.08,-44.61,1,16,7
-59.9891,-44.8581,0,2025270,-60.0899,-44.5373,0,0,0
-60.0395,-44.8196,0,2025271,-60.0992,-44.4773,0,0,0
-60.0803,-44.7742,0,2025272,-60.1079,-44.428,0,0,0
-60.1059,-44.7169,1,2025273,-60.1159,-44.3873,0,0,0
0,0,0,2025274,-60.1232,-44.353,0,0,0
0,0,0,2025275,-60.13,-44.3232,0,0,0
0,0,0,2025276,-60.1361,-44.2956,0,0,0
0,0,0,2025277,-60.1416,-44.2681,0,0,0
0,0,0,2025278,-60.1465,-44.2388,0,0,0
0,0,0,2025279,-60.1508,-44.2054,0,0,0
0,0,0,2025280,-60.1544,-44.1658,0,0,0
0,0,0,2025281,-60.1575,-44.1181,0,0,0
0,0,0,2025282,-60.16,-44.06,1,16,7
0,0,0,2025283,-60.1618,-43.9774,0,0,0
0,0,0,2025284,-60.1631,-43.8654,0,0,0
0,0,0,2025285,-60.164,-43.7363,0,0,0
0,0,0,2025286,-60.165,-43.602,0,0,0
0,0,0,2025287,-60.1661,-43.4748,0,0,0
-60.2468,-43.2986,1,2025288,-60.1677,-43.3668,0,0,0
-60.2468,-43.2986,1,2025289,-60.17,-43.29,1,16,7
-60.2858,-43.2691,0,2025290,-60.1867,-43.2396,0,0,0
-60.3583,-43.2145,0,2025291,-60.2253,-43.1998,0,0,0
-60.3973,-43.185,1,2025292,-60.2772,-43.1666,0,0,0
-60.3973,-43.185,1,2025293,-60.3333,-43.1361,0,0,0
-60.3973,-43.185,1,2025294,-60.3851,-43.1042,0,0,0
-60.3973,-43.185,0,2025295,-60.4236,-43.0668,0,0,0
-60.3973,-43.185,0,2025296,-60.44,-43.02,1,16,7
-60.3973,-43.185,0,2025297,-60.4421,-42.9641,0,0,0
-60.3973,-43.185,0,2025298,-60.4434,-42.9013,0,0,0
-60.3973,-43.185,1,2025299,-60.4444,-42.8309,0,0,0
-60.3356,-43.1053,0,2025300,-60.4451,-42.7518,0,0,0
-60.221,-42.9003,0,2025301,-60.4458,-42.6631,0,0,0
-60.1593,-42.621,1,2025302,-60.4467,-42.5639,0,0,0
-60.5374,-42.102,1,2025303,-60.448,-42.4531,0,0,0
-60.5439,-41.8115,0,2025304,-60.45,-42.33,1,16,7
-60.5491,-41.5542,0,2025305,-60.4595,-42.1681,0,0,0
-60.5532,-41.3275,0,2025306,-60.4802,-41.9516,0,0,0
-60.5563,-41.129,0,2025307,-60.5075,-41.6958,0,0,0
-60.5585,-40.9564,0,2025308,-60.5367,-41.4156,0,0,0
-60.56,-40.8071,0,2025309,-60.5632,-41.1262,0,0,0
-60.5609,-40.6787,0,2025310,-60.5825,-40.8426,0,0,0
-60.5613,-40.5688,0,2025311,-60.59,-40.58,1,16,7
-60.5614,-40.475,1,2025312,-60.5834,-40.3129,0,0,0
-60.5597,-40.4031,0,2025313,-60.5651,-40.0194,0,0,0
-60.5548,-40.3511,0,2025314,-60.537,-39.72,0,0,0
-60.547,-40.3047,0,2025315,-60.5014,-39.4349,0,0,0
-60.5366,-40.2499,0,2025316,-60.4603,-39.1847,0,0,0
-60.524,-40.1722,1,2025317,-60.4158,-38.9896,0,0,0
-60.4774,-40.0071,0,2025318,-60.37,-38.87,1,16,7
-60.3792,-39.739,0,2025319,-60.3125,-38.7977,0,0,0
-60.2512,-39.4272,0,2025320,-60.2357,-38.732,0,0,0
-60.1151,-39.131,0,2025321,-60.1458,-38.6745,0,0,0
-59.9926,-38.9098,0,2025322,-60.0491,-38.6269,0,0,0
-59.9056,-38.8229,1,2025323,-59.9518,-38.5909,0,0,0
-59.8557,-38.9606,1,2025324,-59.86,-38.568,0,0,0
-59.7834,-38.9425,0,2025325,-59.78,-38.56,1,16,7
-59.6895,-38.8958,0,2025326,-59.7079,-38.5637,0,0,0
-59.5859,-38.8319,0,2025327,-59.6364,-38.5736,0,0,0
-59.4846,-38.7622,0,2025328,-59.5671,-38.5879,0,0,0
-59.3975,-38.6983,0,2025329,-59.5013,-38.6045,0,0,0
-59.3365,-38.6516,0,2025330,-59.4406,-38.6217,0,0,0
-59.3135,-38.6335,1,2025331,-59.3863,-38.6375,0,0,0
-59.343,-38.646,1,2025332,-59.34,-38.65,1,16,7
-59.3935,-38.6118,1,2025333,-59.297,-38.6609,0,0,0
-59.3935,-38.6118,1,2025334,-59.2536,-38.6724,0,0,0
-59.3935,-38.6118,0,2025335,-59.2124,-38.6837,0,0,0
-59.3935,-38.6118,1,2025336,-59.1758,-38.6939,0,0,0
-59.3635,-38.5884,1,2025337,-59.1465,-38.7023,0,0,0
-59.2679,-38.7994,0,2025338,-59.1271,-38.7079,0,0,0
-59.1762,-39.0103,1,2025339,-59.12,-38.71,1,16,7
-59.1456,-38.9986,0,2025340,-59.1316,-38.6481,0,0,0
-59.1326,-38.9869,1,2025341,-59.1629,-38.4866,0,0,0
-59.1326,-38.9869,1,2025342,-59.2086,-38.262,0,0,0
-59.1326,-38.9869,1,2025343,-59.2634,-38.0106,0,0,0
-59.1879,-38.7453,0,2025344,-59.3221,-37.7689,0,0,0
-59.3148,-38.2136,0,2025345,-59.3794,-37.5732,0,0,0
-59.4545,-37.6813,0,2025346,-59.43,-37.46,1,16,7
-59.5482,-37.4381,1,2025347,-59.481,-37.4022,0,0,0
-59.5864,-37.4368,1,2025348,-59.5388,-37.3498,0,0,0
-59.6624,-37.5455,1,2025349,-59.5971,-37.3051,0,0,0
-59.7155,-37.4272,0,2025350,-59.6493,-37.2704,0,0,0
-59.7417,-37.3089,1,2025351,-59.6891,-37.248,0,0,0
-59.7417,-37.3089,1,2025352,-59.71,-37.24,1,16,7
-59.7418,-37.3065,0,2025353,-59.7179,-37.2402,0,0,0
-59.7422,-37.3,0,2025354,-59.7233,-37.2407,0,0,0
-59.7429,-37.2909,0,2025355,-59.7271,-37.2416,0,0,0
-59.7441,-37.2804,0,2025356,-59.7301,-37.2427,0,0,0
-59.7457,-37.27,0,2025357,-59.733,-37.2442,0,0,0
-59.7478,-37.2609,0,2025358,-59.7368,-37.2459,0,0,0
-59.7506,-37.2544,0,2025359,-59.7422,-37.2478,0,0,0
-59.754,-37.252,1,2025360,-59.75,-37.25,1,16,7
-59.914,-37.2641,0,2025361,-59.7733,-37.2534,0,0,0
-60.0722,-37.2762,1,2025362,-59.8202,-37.2589,0,0,0
-60.0722,-37.2762,1,2025363,-59.884,-37.2667,0,0,0
-60.1113,-37.3003,0,2025364,-59.9579,-37.2768,0,0,0
-60.1935,-37.36,0,2025365,-60.0353,-37.2891,0,0,0
-60.2827,-37.4755,1,2026001,-60.1432,-37.3119,0,0,0
-60.2911,-37.5732,1,2026002,-60.2,-37.33,1,16,7
-60.3363,-37.6739,1,2026003,-60.2492,-37.3771,0,0,0
-60.3363,-37.6739,0,2026004,-60.2994,-37.4683,0,0,0
-60.3363,-37.6739,1,2026005,-60.3482,-37.5859,0,0,0
-60.3546,-37.7194,0,2026006,-60.3931,-37.7124,0,0,0
-60.3983,-37.8278,0,2026007,-60.4317,-37.8303,0,0,0
-60.4504,-37.9572,0,2026008,-60.4614,-37.922,0,0,0
-60.4941,-38.0656,0,2026009,-60.48,-37.97,1,16,7
-60.5124,-38.1111,1,2026010,-60.4917,-37.9884,0,0,0
-60.5124,-38.1111,1,2026011,-60.5023,-38.0035,0,0,0
-60.5391,-38.2501,1,2026012,-60.5116,-38.0158,0,0,0
-60.5476,-38.211,0,2026013,-60.5192,-38.026,0,0,0
-60.553,-38.1385,0,2026014,-60.525,-38.0347,0,0,0
-60.5549,-38.0994,1,2026015,-60.5287,-38.0425,0,0,0
-60.5549,-38.0994,1,2026016,-60.53,-38.05,1,16,7
0,0,0,2026017,-60.5219,-38.0575,0,0,0
0,0,0,2026018,-60.4997,-38.0648,0,0,0
0,0,0,2026019,-60.4664,-38.0715,0,0,0
0,0,0,2026020,-60.4247,-38.0776,0,0,0
0,0,0,2026021,-60.3778,-38.0828,0,0,0
0,0,0,2026022,-60.3286,-38.087,0,0,0
0,0,0,2026023,-60.28,-38.09,1,16,7
0,0,0,2026024,-60.2231,-38.0922,0,0,0
0,0,0,2026025,-60.1512,-38.0943,0,0,0
0,0,0,2026026,-60.0706,-38.0962,0,0,0
0,0,0,2026027,-59.9879,-38.0977,0,0,0
0,0,0,2026028,-59.9092,-38.099,0,0,0
0,0,0,2026029,-59.8412,-38.0997,0,0,0
0,0,0,2026030,-59.79,-38.1,1,16,7
0,0,0,2026031,-59.7503,-38.0922,0,0,0
0,0,0,2026032,-59.7128,-38.0722,0,0,0
0,0,0,2026033,-59.6785,-38.0449,0,0,0
0,0,0,2026034,-59.6482,-38.0151,0,0,0
0,0,0,2026035,-59.6228,-37.9878,0,0,0
-59.5992,-37.8062,1,2026036,-59.6031,-37.9678,0,0,0
-59.5934,-38.0915,1,2026037,-59.59,-37.96,1,16,7
-59.5926,-38.169,0,2026038,-59.5815,-37.9678,0,0,0
-59.5916,-38.1979,1,2026039,-59.5749,-37.9891,0,0,0
-59.55,-38.1697,1,2026040,-59.5695,-38.0208,0,0,0
-59.55,-38.1697,1,2026041,-59.5648,-38.0599,0,0,0
-59.5486,-38.1955,0,2026042,-59.5603,-38.1032,0,0,0
-59.5454,-38.2523,0,2026043,-59.5556,-38.1476,0,0,0
-59.5422,-38.3092,0,2026044,-59.55,-38.19,1,16,7
-59.5408,-38.335,1,2026045,-59.5436,-38.241,0,0,0
-59.5408,-38.335,1,2026046,-59.5369,-38.3063,0,0,0
-59.5377,-38.3525,0,2026047,-59.53,-38.3753,0,0,0
-59.5308,-38.395,0,2026048,-59.5231,-38.4376,0,0,0
-59.5238,-38.4478,0,2026049,-59.5164,-38.4826,0,0,0
-59.5207,-38.4962,1,2026050,-59.51,-38.5,1,16,7
-59.5392,-38.5381,1,2026051,-59.5044,-38.4853,0,0,0
-59.5386,-38.5278,0,2026052,-59.4996,-38.445,0,0,0
-59.5365,-38.4995,0,2026053,-59.495,-38.3848,0,0,0
-59.5328,-38.4575,0,2026054,-59.4903,-38.3104,0,0,0
-59.5271,-38.4059,1,2026055,-59.4849,-38.2277,0,0,0
-59.491,-38.3068,1,2026056,-59.4783,-38.1423,0,0,0
-59.4679,-38.1443,0,2026057,-59.47,-38.06,1,16,7
-59.4499,-37.9618,0,2026058,-59.4561,-37.9658,0,0,0
-59.4426,-37.8752,1,2026059,-59.4345,-37.8478,0,0,0
-59.4426,-37.8752,1,2026060,-59.4072,-37.7159,0,0,0
-59.4538,-37.6762,1,2026061,-59.3764,-37.5802,0,0,0
-59.4525,-37.6874,0,2026062,-59.3441,-37.4508,0,0,0
-59.4491,-37.6986,1,2026063,-59.3126,-37.3375,0,0,0
-59.3786,-37.5504,0,2026064,-59.2838,-37.2506,0,0,0
-59.2523,-37.2752,0,2026065,-59.26,-37.2,1,16,7
-59.1847,-37.127,1,2026066,-59.2404,-37.1756,0,0,0
-59.1847,-37.127,0,2026067,-59.2227,-37.1586,0,0,0
-59.1847,-37.127,0,2026068,-59.2061,-37.146,0,0,0
-59.1847,-37.127,1,2026069,-59.1901,-37.1349,0,0,0
-59.166,-37.1449,1,2026070,-59.1742,-37.1221,0,0,0
-59.1716,-37.1304,1,2026071,-59.1577,-37.1048,0,0,0
-59.1619,-36.8725,0,2026072,-59.14,-37.08,1,16,7
-59.1522,-36.552,1,2026073,-59.1206,-37.0161,0,0,0
-59.153,-36.4083,0,2026074,-59.0999,-36.8991,0,0,0
-59.155,-36.2828,0,2026075,-59.0785,-36.7519,0,0,0
-59.1573,-36.1835,0,2026076,-59.0571,-36.5974,0,0,0
-59.1593,-36.1181,0,2026077,-59.0365,-36.4586,0,0,0
-59.1601,-36.0945,1,2026078,-59.0172,-36.3585,0,0,0
-58.8745,-36.3724,1,2026079,-59,-36.32,1,16,7
-58.8827,-36.4821,0,2026080,-58.983,-36.3422,0,0,0
-58.9042,-36.5702,0,2026081,-58.9651,-36.3978,0,0,0
-58.9341,-36.6352,0,2026082,-58.9481,-36.47,0,0,0
-58.9678,-36.6754,0,2026083,-58.9337,-36.5422,0,0,0
-59.0004,-36.6891,1,2026084,-58.9237,-36.5978,0,0,0
-59.0358,-36.6867,0,2026085,-58.92,-36.62,1,16,7
-59.0793,-36.68,0,2026086,-58.9381,-36.6138,0,0,0
-59.1283,-36.6697,0,2026087,-58.9865,-36.597,0,0,0
-59.1804,-36.6562,0,2026088,-59.0559,-36.5724,0,0,0
-59.233,-36.6404,0,2026089,-59.1372,-36.5427,0,0,0
-59.2837,-36.6227,0,2026090,-59.2214,-36.5109,0,0,0
-59.3299,-36.604,0,2026091,-59.2994,-36.4796,0,0,0
-59.3691,-36.5847,0,2026092,-59.3619,-36.4517,0,0,0
-59.3988,-36.5655,0,2026093,-59.4,-36.43,1,16,7
-59.4165,-36.5471,1,2026094,-59.4223,-36.4143,0,0,0
-59.427,-36.5307,0,2026095,-59.4431,-36.4018,0,0,0
-59.4368,-36.5159,0,2026096,-59.4617,-36.3907,0,0,0
-59.4456,-36.501,0,2026097,-59.4774,-36.3796,0,0,0
-59.4532,-36.4841,0,2026098,-59.4895,-36.3668,0,0,0
-59.4594,-36.4633,0,2026099,-59.4972,-36.3508,0,0,0
-59.4641,-36.437,0,2026100,-59.5,-36.33,1,16,7
-59.4671,-36.4033,0,2026101,-59.4918,-36.2974,0,0,0
-59.4681,-36.3603,1,2026102,-59.4686,-36.2486,0,0,0
-59.4278,-36.2315,1,2026103,-59.432,-36.1858,0,0,0
-59.374,-36.1325,0,2026104,-59.3841,-36.1113,0,0,0
-59.3109,-36.0355,0,2026105,-59.3265,-36.0273,0,0,0
-59.2394,-35.9478,0,2026106,-59.2612,-35.9361,0,0,0
-59.1601,-35.8763,0,2026107,-59.19,-35.84,1,16,7
-59.0741,-35.8282,0,2026108,0,0,0,0,0
-58.9822,-35.8106,1,2026109,0,0,0,0,0
-58.8684,-35.8181,1,2026110,0,0,0,0,0
-58.7602,-35.9294,0,2026111,0,0,0,0,0
-58.6567,-36.1843,1,2026112,0,0,0,0,0
